Date of Sample,Agonus cataphractus ,Alosa fallax ,Ammodytes tobianus ,Anguilla anguilla ,Aphia minuta ,Arnoglossus laterna ,Atherina boyeri ,Balistes capriscus,Belone belone ,Parablennius gattorugine,Buglossidium luteum ,Callionymus lyra ,Callionymus reticulatus,Centrolabrus exoletus ,Ciliata mustela ,Ciliata septentrionalis ,Clupea harengus ,Conger conger,Symphodus melops ,Chelon labrosus ,Crystallogobius linearis,Ctenolabrus rupestris,Cyclopterus lumpus ,Dicentrarchus labrax,Engraulis encrasicolus ,Entelurus aequoreus,Eutrigla gurnardus,Gadus morhua,Gaidropsaurus vulgaris ,Gasterosteus aculeatus,Glyptocephalus cynoglossus,Gobius paganellus,Gobius niger,Hyperoplus lanceolatus ,Labrus bergylta ,Labrus mixtus,Lampetra fluviatalis ,Limanda limanda,Liparis liparis,Chelon auritus,Chelon ramada ,Lophius piscatorius ,Maurolicus muelleri ,Merlangius merlangus ,Merluccius merluccius ,Micromesistius poutassou,Microstomus kitt,Molva molva ,Mullus surmuletus ,Nerophis lumbriciformis,Perca fluviatilis,Petromyzon marinus ,Platichthys flesus,Pleuronectes platessa,Pollachius pollachius,Pollachius virens ,Pomatoschistus microps ,Pomatoschistus minutus ,Pomatoschistus pictus,Scophalmus maximus ,Raja brachyura,Raja clavata ,Raja microocellata,Raniceps raninus,Salmo salar,Sardina pilchardus ,Scophthalmus rhombus ,Scyliorhinus canicula,Solea solea ,Spinachia spinachia,Spondyliosoma cantharus,Sprattus sprattus ,Syngnathus acus ,Syngnathus rostellatus ,Echiichthys vipera ,Trachurus trachurus ,Chelidonichthys lucerna ,Trigla lyra,Trisopterus esmarkii,Trisopterus luscus,Trisopterus minutus,Zeugopterus punctatus,Ammodytes marinus,Zeus faber ,Capros aper,Chelidonichthys lastoviza,Salmo trutta,Mustelus asterias,Sparus aurata
27/01/1981,,,,1,,,,,,,,,,,,,,,,,,,1,,,,,1,,,,,,,,,,1,32,,3,,,98,,,,,,,,,3,,1,,,14,,,,,,,,,,,,,,210,,,,,,,,15,12,,,,,,,,
26/02/1981,,,,6,,,,,,,,,,,2,,,,,,,,,,,1,,,,,,,,,,,,,58,,2,,,46,,,,,,,,,,,,,,57,,,,,,,,,,,,,,4,,,,,,,,10,8,,,,,,,,
25/03/1981,1,,,30,,,,,,,,,,,,1,,,,,,,1,,,2,,,,,,,,,,,,1,5,,1,1,,16,1,,,,,,,,25,,,,,88,,,,,,,,,,,3,,,11,,,,,,,,15,50,,,,,,,,
27/04/1981,,,,2,,,,,,,,,,,,,,,,,,,,,,,,,,,,,,,,,,,,,1,,,1,,,,,,,,,7,,,,,5,,,,,,,1,,,,1,,,,,,,,,,,1,,,,,,,,,
26/05/1981,,,,,1,,,,,,,,,,,,,1,,,,,,,,,,,,,,,,,,,,1,,,,10,,,5,,,,,,,,7,1,,,5,,,,,,,,,,,,4,,,1,,,,,,,,,39,,,,,,,,
23/06/1981,,,,,1,,,,,,,,,,3,,,2,,,,,,,,,,,,,,,,,,,,,,,,,,9,3,,,,,,,,8,,,,1,6,,,,1,,,,,,,3,,,3,,1,,,,,,,2,,,,,,,,
23/07/1981,,,2,,,,,,,,,,,,,,,,,,,,,,,,,,,,,,,,,,,,,,,,,10,,,,,,,,,1,,,,,1,,,,,,,,,5,,4,,,14,,,,,,,,,,,,,,,,,
20/08/1981,,,,1,,,,,,,,,,,,,,3,,,,,,1,,,,,,,,,,,,,1,,,,6,,,16,,,,,,,,,3,,,,,19,,,,,,,,,,,8,,,6,,,,,,,,1,,,,,,,,,
21/09/1981,,1,,,,,,,,,,1,,,1,,,3,,,,,,4,,,,,,,,,,,,,,12,,,,,,14,,,,,,,,,2,,,,,34,,,,,,,,,,,49,,,45,,,,,,,,,16,,,,,,,,
20/10/1981,,,,1,,,,,,,,6,,,2,,,,,,,,1,12,,1,,,,,,,,,2,,,36,,,1,,,10,,,,,,,,,,,2,,,8,,,,,,,,,,,7,,,2,,2,,,,,,6,9,,,,,,,,
18/11/1981,,,,,,,,,,,,,,,,,,2,,,,,,14,,1,,,,,,,,,1,,,14,17,,1,,,202,,,,,,,,,,,,,,60,,,,,,,,,,,3,,,10,,,,,,,,16,164,,,,,,,,
17/12/1981,,,1,3,,,,,,,,,,,1,,,,,,,,6,5,,,,,,,,,,,,,,5,87,,4,,,130,,,,,,,,,2,,,,,13,,,,,,,,,,,,,,301,,,,,,,,8,19,,,,,,,,
18/01/1982,,1,,,,,,,,,,,,,,,1,,,,,,,27,,,,,,,,,,,,,,1,162,,5,,,115,,,,,,,,,3,,2,,,36,,,,,,,,,,,,,,11,,,,,,,3,1,1,,,,,,,,
15/02/1982,,,,1,,,,,,,,,,,,2,1,,,,,,,1,,,,,,,,,,,,,,,25,,,,,218,1,,,,,,,,4,,,,,27,,,,,,,,,,,5,,,5,,1,,,,,8,10,339,,,,,,,,
18/03/1982,,,,27,1,,,,,,,,,,,,,,,,,,,,,1,,,,,,,,,,,,1,6,,,,,6,1,,,,,,,,,,1,,,11,,,,,,,,,,,,,,1,,,,,,,,1,71,,,,,,,,
15/04/1982,,,,,,,,,,,,,,,,,,,,,,,,,,,,,,,,,,,,,,,,,,,,,,,,,,,,,,,,,,,,,,,,,,,,,,,,,,,,,,,,,,,,,,,,,
17/05/1982,,,,,8,,,,,,,,,,1,,,,,,,,,,,,,,,,,,,,,,,,,,,,,,2,,,,,,,,6,,,,,2,1,,,,,,,,,1,2,,,,,,,,,,,7,14,,,,,,,,
14/06/1982,,,,,46,,,,,,,,,,,,14,,,,,,,,,,,,,,,,,,,,,,,,,,,3,,,,,,,,,5,,,,,3,,,,,,,,,,,1,,,586,,,,,1,,,57,,,,,,,,,
13/07/1982,,,,,18,,,,,,,,,,,,1,1,,,,,,1,,,,,,,,,,,,,,,,,,,,13,,,,,,,,,5,,,,,11,,2,,1,,,,,,,2,,,18,,1,,,1,,,44,,,,,,,,,
13/08/1982,,3,,1,1,,,,,,,,,,5,,1,3,,,,,,1,,,,2,,,,,,,,,,1,,,1,,,18,,,,,,,,,,,,,,107,,,,,,,,,,,7,,,21,,,,,,,21,16,13,,,,,,,,
09/09/1982,,2,,,,,,,,,,,,,,,,1,,,,,,1,,,,,,,,,,,,,,15,2,,,,,38,,,,,,,,,,,,,,184,,,,,,,,,,,15,,,3,,,,,,,,40,25,,,,,,,,
07/10/1982,2,,,,,,,,,,,,,,29,,,2,,,,,1,9,,,,,,,,,,,,,,21,,,10,,,121,1,,,,,,,,2,,5,,,89,,,,,,,,,,,32,1,,4,,2,,,,,,74,676,,,,,,,,
08/11/1982,1,1,,32,,,,,,,,,,,6,,,6,,,,,,7,,,,,,,,,,,,,,17,9,,1,,,95,1,,,,,,,,,,,,,14,,,,,,1,,,,,9,,,77,,1,,,,,,30,213,,,,,,,,
08/12/1982,,,,,,,,,,,,,,,2,,,,,,,,,2,,,,,,,,,,,,,,9,6,,2,,,73,1,,,,,,,,1,,2,,,10,,,,,,,,,,,4,,,190,,,,,,,1,10,74,,,,,,,,
06/01/1983,,2,,2,,,,,,,,,,,5,,,,,,,,,,,,1,,,,,,,,,,,3,25,,4,,,89,1,,,,,,,,2,,,,,15,,,,,,,,,,,5,,,162,,,,,,,,6,45,,,,,,,,
03/02/1983,1,1,,4,,,,,,,,,,,7,,,,,,,,,5,,,1,3,,,,,,,,,,,49,,7,,,63,,,,,,,,,7,1,2,,,49,,,,,,,,,,,,,,38,,,,,,,,7,28,,,,,,,,
07/03/1983,,,,4,,,,,,,,,,,,1,,,,,,,,,,,,4,,,,,,,,,,1,10,,3,,,268,,,,,,,,,11,,,,,10,,,,,,,,,,,2,,,13,,,,,,,1,17,137,,,,,,,,
06/04/1983,2,1,,4,3,,,,,,,,,,1,,,,,,,,,,,,,,,1,,,,,,,,,,,,1,,22,1,,,,,,,,2,,,,,1,,,,,,,,,,,1,,,,,,,,2,,,7,39,,,,,,,,
04/05/1983,1,,,,6,,,,,,,,,,,,,1,,,1,,,,,,,,,,,,,,,,,,,,1,,,13,3,,,,,,,,9,,1,,,3,,,,,,,,,,,4,,,1,,,,,2,,,3,134,,,,,,,,
02/06/1983,1,,,,5,,,,,,,,,,,,,1,,,,,,,,,,,,,,,,,,,,,,,2,,,2,3,,,,,,,,7,,,,,4,,,,1,,,,,,1,7,,,,,1,,,,,,7,98,,,,,,,,
04/07/1983,,1,,,5,,,,,,,,,,,,,,,,,,,,,,,,,,,,,,,,,,,,,,,2,4,,,,,,,,9,,,,,,,,,,,,,,,1,6,,,42,,,,,,,,1,5,,,,,,,,
01/08/1983,,1,,2,1,,,,,,,,,,,,,1,,,,,,2,,,,,,,,,,,,,,,,,1,,,4,,,,,,,,,,,,,,5,,,,,,,,,,,2,,,74,,,,,,,,1,1,,,,,,,,
30/08/1983,,9,,,,,,,,,,,,,,,,,,,,,,3,,,,,,,,,,,,,,2,,,,,,52,,,,,9,,,,5,,,,,78,,,,,,,,,,,7,,,21,,1,,,,,,2,11,,,,,,,,
29/09/1983,,1,,1,1,,,,,,,2,,,,,,,,,,,,13,,1,4,,1,,,,,,,,,43,,,,,,50,14,,,,,,,,,,,,,22,,,,,,,,,,,11,1,1,1,,,,,,,2,9,65,,,,,,,,
02/11/1983,3,2,1,2,,,,,,,,,,,2,,,1,,,,1,,23,,,2,,,,,,,,1,,,31,2,,1,,,122,10,,,,,,,,2,,2,,,38,,,,1,,,,,,1,9,,,48,,,,,,,1,10,68,,,,,,,,
28/11/1983,,4,,,,,,,,,,,,,2,,,,,,,,,1,,,,,,,,,,,1,,,4,15,,,,,65,15,,,,,,,,,,1,,,9,,,,1,,,,,,,1,,,36,,,,,,,3,2,8,,,,,,,,
28/12/1983,,,,,,,,,,,,,,,2,1,,,,,1,1,,2,,,,,1,,,,,,,,,1,14,,,,,32,1,,,,,,,,2,,,,,17,,,,,,,1,,,,,,,69,,,,,,,4,3,9,,,,,,,,
24/01/1984,,2,,10,,,1,,,,,,,,4,,,2,,,,1,62,2,,,,,,,,,,,,,,,152,,2,,,8,,,,,,,,,4,,,,,21,,,,,,,,,,,2,,,2,,,,,,,5,2,,,,,,,,,
23/02/1984,,,,7,,,,,,,,,,,,,,,,,,,1,,,,,,,,,,,,,,,,10,,1,,,38,,1,,,,,,,4,,,,,48,,,,,,,,,,,2,,,9,,,,,,,11,,4,,,,,,,,
22/03/1984,,,,,,,,,,,,,,2,,,,,,,,,,,,,,,,,,,,,,,,,12,,,,,44,,,,,,,,,20,,,,,10,,,,,,,,,,,,,,4,,,,,,,6,,18,,,,,,,,
24/04/1984,,3,,2,,,,,,,,,,,,,,2,,,,,,,,,,,,,,,,,,,,,,,1,,2,,,,,,,,,,1,,,,,1,,,,,,,,,,2,,,,,,1,,,,,,,4,,,,,,,,
22/05/1984,,1,,,10,,,,,,,,,,,,,,,,,,,,1,,,,,,,,,,,,,,,,,,,1,,,,,,,,,3,,,,,1,,,,,,,,,,,2,,,1,,,,,,,,,11,,,,,,,,
19/06/1984,,3,,,22,,,,,,,,,,,,,,,,,,,,1,,,,,,,,,,,,,,,,,,,7,,,,,,,,,8,,,,,5,,,,,,,,,3,,10,,,20,,,,,,,,,9,,,,,,,,
19/07/1984,,,,,3,,,,,,,,,,,,,,,,,,,,,,2,,,,,,,,,,,,,,,,,5,,,,,,,,,6,,,,1,13,,3,,,,,,,,,1,,,183,,,,,,,,,4,,,,,,,,
15/08/1984,,3,1,,,,,,,,,,,,,,,1,,,,,,4,,,,,,,,,,,,,,,,,1,,,192,,,,,,,,,16,,,,1,32,,1,,,,,,,,,5,,,80,,1,,,,,1,,1,,,,,,,,
18/09/1984,,6,,1,,,,,,,,1,,,1,,1,1,,,,,,1,,1,,,,,,,,,,,,61,,,,,,196,,,,,1,,,,,,,,,126,,,,,,,,,1,,22,,,21,,,,1,,,,,10,,,,,,,,
18/10/1984,1,1,,2,,,,,,,,2,,,2,,,4,,,,,,,,,,1,,,,,1,,,,,55,1,,,,,49,,,,,,,,,,,,,,1,,,,,,,,,,,12,,,1,,,,,,,1,6,19,,,,,,,,
15/11/1984,,1,,1,,,,,,,,,,,3,,,2,,,,,,1,,,1,,,,,,,,,,,55,6,,,,,215,1,,,,,,,,,,1,,,21,,,,,,1,,,1,,7,,,589,,,,,,,4,3,95,,,,,,,,
15/12/1984,1,7,,,,,1,,,,,,,,4,,,,,,,,,3,,,,2,,,,,,,,,,28,48,,,,,285,,,,,,,,,,,1,,,24,,,,,,,,,,,2,,,144,,1,,,,,6,1,87,,,,,,,,
14/01/1985,,,,3,,,,,,,,,,,,,,2,,,,,1,1,,,,,,,,,5,,,,,,59,,1,,,71,,,,,,,,,2,,,,,5,,,,,,,,,,,1,,,134,,,,,,,2,,1,,,,,,,,
11/02/1985,,,,2,,,,,,,,,,,,1,,,,,,,,1,,,,,,,,,,,,,,1,110,,,,,336,1,,,,,,,,4,4,,,,1,,,,,,,,,,,,,,9,,,,,,,5,,,,,,,,,,
14/03/1985,1,20,,2,1,,1,,,,,,,,,1,,1,,,,,1,2,,1,,,,,,,,,,,,,12,,,,,185,,,1,,,,,,,,1,,,8,,,,,,,,,,,4,,,4,,,,,,,2,,,,,,,,,,
11/04/1985,,4,,2,1,,,,,,,,,,,,1,1,,,,,,3,,3,,,,,,,,,,,,,12,,1,,,18,1,,,,,,,,2,,2,,,2,,,,,,,,,,,6,,,1,,,,,,,1,,5,,,,,,,,
09/05/1985,1,4,,2,1,,,,,,,1,,,2,,,3,,,,,,3,,,,,,,,,,,,,,,,,,,,8,,,,,,,,,6,,,,,2,,,,,,,,,,,5,,,2,,,,,,,,,5,,,,,,,,
06/06/1985,,5,,1,22,,,,,,,,,,1,,,,,,,,,2,3,,,,,,,,,,,,,,,,1,,,3,,,,,,,,,26,,,,,5,,,,2,,,,,,,8,,,3,,,,,,,,3,7,,,,,,,,
08/07/1985,,2,,,1,,,,,,,,,,,,,1,,,,,,,,,,,,,,,,,,,,,,,,,,2,,,,,,,,,13,,,,,4,,,,,,,,,,,5,,,18,,,,,,,,5,5,,,,,,,,
21/08/1985,,,,,1,,,,,,,,,,,,,,,,,,,2,,,1,,,,,,,,,,,3,,,1,,,165,1,,,,,,,,10,,,,,11,,,,1,,,,,1,,38,,,12,,1,,,,,,1,14,,,,,,,,
05/09/1985,,,,,,,,,,,,,,,,,,,,,,,,1,,,,,,,,,,,,,,4,,,2,,,10,2,,,,,,,,1,,1,,,4,,,,,,,,,,,1,,,5,,,,,,,,,3,,,,,,,,
07/10/1985,1,,,,,,,,,,,,,,,,,,,,,,,1,,,,,,,,,,,,,,20,2,,4,,,15,,,,,,,,,1,,,,,2,,,,,,,,,,,1,,,,,,,1,,,,2,13,,,,,,,,
07/11/1985,1,,,,,,,,,,,,,,,,,,,,,,,,,,,,,,,,,,,,,15,29,,2,,,63,1,,,,,,,,,,,,,13,,,,,,,,,,,1,,,1,,,,,,,,3,2,,,,,,,,
05/12/1985,,1,,,,,,,,,,,,,,,,,,,,,,,,,,,,,,,,,,,,13,57,,1,,,51,3,,,,,,,,,,2,,,6,,,,1,,,,,,,,,,38,,,,,,,,,5,,,,,,,,
01/01/1986,,,,,,,,,,,,,,,,,,,,,,,,,,,,,,,,,,,,,,,,,,,,,,,,,,,,,,,,,,,,,,,,,,,,,,,,,,,,,,,,,,,,,,,,,
11/02/1986,,,,1,,,,,,,,,,,,,,,,,,,3,,,,,,,3,,,,,,,,,125,,24,,,69,,,,,,,,,5,,,,,4,,,,,,,,,,,,,,2,,,,,,,,,,,,,,,,,
13/03/1986,,,,1,,,,,,,,,,,,,,1,,,,,1,,,,,,,,,,,,,,,,160,,18,,,115,,,,,,,,,10,,,,,4,,,,,,,,,,,,,,7,,,,,,,,,,,,,,,,,
01/04/1986,,,,,,,,,,,,,,,,,,,,,,,,,,,,,,,,,,,,,,,,,,,,,,,,,,,,,,,,,,,,,,,,,,,,,,,,,,,,,,,,,,,,,,,,,
01/05/1986,,,,,,,,,,,,,,,,,,,,,,,,,,,,,,,,,,,,,,,,,,,,,,,,,,,,,,,,,,,,,,,,,,,,,,,,,,,,,,,,,,,,,,,,,
10/06/1986,,,,,,,,,,,,,,,,,,,,,,,,,,,,,,,,,,,,,,,,,,,,2,,,,,,,,,16,,,,,,,,,,,,,,,,8,,,10,,,,,,,,,2,,,,,,,,
10/07/1986,,,,,,,,,,,,,,,,,,,,,1,,,3,,,,,,,,,,,,,,1,,,,,,2,,,,,,,,,10,,,,,2,,,,3,,,,,1,,7,,,94,,,,,2,,,,,,,,,,,,
08/08/1986,,,,1,1,,,,,,,,,,,,4,,,,,,,,,1,,3,,,,,,,,,,,,,1,,,67,,,,,,,,,1,,,,,10,,,,,,,,,,,2,,,13,,,,,2,,,20,36,,,,,,,,
01/09/1986,,,,,,,,,,,,,,,,,,,,,,,,,,,,,,,,,,,,,,,,,,,,,,,,,,,,,,,,,,,,,,,,,,,,,,,,,,,,,,,,,,,,,,,,,
01/10/1986,,,,,,,,,,,,,,,,,,,,,,,,,,,,,,,,,,,,,,,,,,,,,,,,,,,,,,,,,,,,,,,,,,,,,,,,,,,,,,,,,,,,,,,,,
01/11/1986,,,,,,,,,,,,,,,,,,,,,,,,,,,,,,,,,,,,,,,,,,,,,,,,,,,,,,,,,,,,,,,,,,,,,,,,,,,,,,,,,,,,,,,,,
01/12/1986,,,,,,,,,,,,,,,,,,,,,,,,,,,,,,,,,,,,,,,,,,,,,,,,,,,,,,,,,,,,,,,,,,,,,,,,,,,,,,,,,,,,,,,,,
07/01/1987,,,,1,,,,,,,,,,,2,2,1,,,,,,,,,,1,20,,,,,,,,,,4,36,,5,,,432,,,,,,,,,3,1,,,,7,,,,3,,,1,,,,4,,,1876,,,,,,,,8,3,,,,,,,,
05/02/1987,,,,,,,,,,,,,,,,2,,,,,,,1,,,,,15,,,,,,,,,,,61,,4,,,752,,,,,,,,,19,,,,,4,,,,4,,,,,,,1,,,135,,,,,,,,6,,,,,,,,,
04/03/1987,2,4,,3,,,,,,,,,,,1,,2,,,,,,,,,,,20,,,,,,,,,,,27,,11,,,455,,,,,,,,,39,,,,,9,,,,,,,,,,,9,,,9,,,,,,,6,8,,,,,,,,,
06/04/1987,5,,,1,,,,,,,,1,,,,1,,,,,,,,1,,1,,,,,,,,,,,,,,,,,,109,,,,,,,,,,,1,,,12,,,,1,,,,,,,2,,,5,,,,,,,,3,6,,,,,,,,
06/05/1987,,,,,1,,,,,,,,,,,,,3,,,,,1,,,,,,,,,,,,,,,,,,,1,,2,,,,,,,,,11,,,,,,,,,,,,,,,,,,,,,,,,1,,,5,3,,,,,,,,
17/06/1987,,,,,,,,,,,,,,,,,,1,,,,,,,,,,,,,,,,,,,,,,,,,,11,,,,,,,,,34,,,,,,,,,2,,,,,,,5,,,2,,,,,,,,1,2,,,,,,,,
01/07/1987,,,,2,,,,,,,,,,,,,,,,,,,,,,,2,1,,,,,,,,,,,,,,,,10,,,,1,,,,,50,1,,,,,,,,7,,,,,,,19,,,3,,,,,,,,1,1,,,1,,,,,
03/08/1987,,,,,,,,,,,,,,,,,,,,,,,,,,,,,,,,,,,,,,,,,,,,17,,,,,,,,,4,,,,,,,,,2,,,,,,,6,,,234,,,,,,,,3,1,,,,,,,,
02/09/1987,,,,,,,,,,,,,,,,,,1,,,,,,,,,,,,,,,,,,,,2,,,,,,68,,,,,,,,,,,,,,2,,,,,,,,,,,5,,,11,,,,,,,,11,6,,,,,,,,
30/09/1987,1,1,,1,,,,,,,,,,,,,47,,,,,,,1,,1,,9,,,,,,,,,,21,,,,,,307,,,,,,,,,,,,,,46,,,,1,,,,,,,4,,,9,,,,,,,,14,56,,,,,,,,
29/10/1987,1,1,,6,,,,,,,,1,,,2,,1,,,,,,,7,,1,1,17,,,,,,,,,,60,2,,,,,566,,,,,,,,,1,,1,,,28,,,,,,,,,,,2,,,104,,,,,,,,47,49,,,,,,,,
26/11/1987,1,,,5,,,,,,,,,,,1,,,,,,,,1,5,,,,9,,,,,,,,,,9,18,,3,,,452,,,,,,,,,,,2,,,12,,,,,,,,,,,2,,,401,,1,,,,,,5,8,,,,,,,,
25/01/1988,3,,,2,,,,,,,,,,,5,,,1,,,,,,2,,,,10,1,,,,,,,,,1,32,,,,,352,1,,,,,,,,5,1,,,,18,,,,,,,,,,,4,,,370,,2,,,,,,8,4,,,,,,,,
24/02/1988,5,,,2,,,,,,,,,,,1,1,,,,,,,,,,,,,,1,,,,1,,1,,,,,2,,,140,,,,,,,,,13,1,1,,,11,,,,,,,,,,,5,,1,6,,1,,,,,,,8,,,,,,,,
24/03/1988,,,,,,,,,,,,,,,,,1,,,,,,,,,4,1,,,,,,,,,,,,,,,,,48,,,,,,,,,3,,,,,11,,,,,,,,,,,5,,,,,,,,,,2,5,12,,,,,,,,
21/04/1988,5,,,2,,,,,,,,,,,1,,,1,,,,,,,,1,,1,,,,,,,,,,,,,,,,24,5,,,,,,,,29,1,,,,21,,,,,,,,,,,4,,,2,,,,,1,,1,7,21,,,1,,,,,
23/05/1988,2,,,1,3,,,,,,,,,,,,1,,,,2,,,,,,,,,,,,,,,,,,,,,1,,2,6,,,,,,,,4,,,,,1,,,,2,,,,,,,5,,,1,,,,,,,,3,3,,,,,,,,
20/06/1988,,,1,,3,,,,,,,,,,,,,1,,,,,,,,,,,,,,,,,,,,,,,,,,6,,,,,,,,,5,,,,,,,,,2,,,,,,,4,,,,,,,,,,,,,,,,,,,,
18/07/1988,,,,3,,,,,,,,,,,,,,1,,,,,,,,,,,,,,,,,,,,,,,,,,2,,,,,,,,,9,,,,,2,,,,,,,,,,,10,,,24,,,,1,1,,,,,,,,,,,,
31/08/1988,1,,,,,,,,,,,,,,9,,,,,,,,,1,,,,,,,,,,,,,,1,,,,,,47,3,,,,,,,,16,,1,,,31,,,,,,,,,,,31,,,10,,,,,,,,14,2,,,,,,,,
29/09/1988,,,,,,,,,,,,,,,58,,,,,,,,,1,,,,,,,,,,,,,,9,2,,,,,30,,,,,,,,,6,,,,,234,,,,,,,,,,,29,,,15,,,,,,,,13,,,,,,,,,
01/11/1988,,,,,,,,,,,,,,,2,,,,,,,,,3,,,,,,,,,,,,,,19,,,,,,24,2,,,,,,,,1,1,,1,,15,,,,,,,,,,,2,,,34,,,,1,,,1,6,2,,,,,,,,
28/11/1988,,,,7,,,,,,,,,,,5,,,1,,,,,,4,,,,5,,,,,,,,,,6,53,,,,,89,3,,,,,,,,,,2,,,42,,,,,,,,,,,3,,,252,,,,,,,1,8,1,,,,,,,,
29/12/1988,,,,,,,,,,,,,,,2,,,,,,,,,,,,,,,1,,,,,,,,3,15,,,,,27,1,,,,,,,,,,,,,34,,,,,,,,,,,,,,214,,,,,,,1,6,4,,,,,,,,
12/01/1989,,,,2,,,,,,,,,,,15,,,,,,,,,2,,,,,,,,,,,,,,2,41,,1,,,19,4,,,,,,,,3,,1,,,32,,,,,,,,,,,2,,,291,,,,,,,,9,1,,,,,,,,
14/02/1989,2,,,1,1,,,,,,,,,,,1,,1,,,,,1,,,1,,1,,,,,1,,,,,,4,,,,,5,,,,,,,,,6,,,,,11,,,,,,1,,,,,1,,,2,,,,,,,5,1,1,,,,,,,,
13/03/1989,,,,2,,,,,,,,,,,2,2,,,,,,,,,,,,,,1,,,,,,,,,2,,,,,2,,,,,,,,,6,,,,,12,,,,,,,,,,,4,,,3,,,,,,,,1,,,,,,,,,
11/04/1989,1,,,,1,,,,,,,,,,,,,,,,,,,,,,,,,,,,,,,,,,,,,,,13,,,,,,,,,5,,,,,9,,,,,,,,,,,5,,,1,,1,,,,,,5,3,,,,,,,,
11/05/1989,,1,,,5,,,,,1,,,,,1,,,,,,,,,1,,,,,,,,,,,,,,,,,,,,4,9,,,,,,,,4,,1,,,7,,,,,,,,,,1,3,,,,,,,,,,,,,,,,,,,,
08/06/1989,,,,,1,,,,,,,,,,,,,,,,,,,2,,,,,,,,,,,,,,,,,,,,1,3,,,,,,,,16,,,,,4,,,,1,,,,,,1,5,,,,,,,,1,,,1,2,,,,,,,,
06/07/1989,,,,,,,,,,,,,,,,,,,,,,,,,,,,,,,,,,,,,,,,,,,,,,,,,,,,,4,,,,,13,,,,,,,,,,,13,,,14,,,,,,,,2,,,,,,,,,
08/08/1989,,10,,,,,,,,,,,,,2,,1,,,,,,,2,,,,,,,,,,,,,,3,,,,,,23,,,,,,,,,3,,,,,11,,,,,,,,,,,1,,,10,,,,1,2,,,1,,,,,,,,,
06/09/1989,,39,,2,,,,,,,,,,,,,7,4,,,,,,38,,,,1,,,,,,,,,,45,,,,,,440,1,,,,26,,,,2,,,,,33,,,,,,,,,,,11,,,215,,,,,2,,,19,4,,,,,,,,
03/10/1989,,13,,2,,,,,,,,,,,1,,36,1,,,,,,80,,,,2,,,,,1,,,,,21,,,1,,,656,1,,,,,,,,2,1,,,,37,,,,,,,,,,,14,,1,45,,,,,,,,95,9,,,,,,,,
03/11/1989,1,,,1,,,,,,,,3,,,3,,14,2,,,,,,25,,,,1,,,,,,,,,,14,,,2,,,39,2,,,,,,,,1,,,,,13,,,,,,,,,,,20,,,1,,,,,,,,14,2,,,,,,,,
18/12/1989,,,,3,,,,,,,,1,,,11,,,,,,,,,43,,,,,,,,,,,,,,,8,,26,,,41,1,,,,,,,,2,,,,,32,,,,,,,1,,,,2,,,131,1,,,,,,,2,1,,,,,,,,
17/01/1990,,,,2,,,,,,,,,,,9,,,,,,,,,12,,,,,,,,,,,,,,,17,,4,,,40,,,,,,,,,6,,2,,,12,,,,,,,,,,,2,,,7,,,,,2,,,2,,,,,,,,,
15/02/1990,,,,2,,,,,,,,,,,1,,,1,,,,1,,5,,2,,,,,1,,,,,,,,19,,3,,,11,,,,,,,,,5,,1,,,9,,,,,,,,,,,1,,,1,,,,,,,2,1,,,,,,,,,
19/03/1990,,42,,1,8,,,,,1,,,,,1,,,,,,,,1,10,,1,,,,,,,,,,,,,1,,2,,,11,5,,,1,,,,,2,,,,,9,,,,,,,,,,,36,,1,15,,4,,,,,2,1,14,,,,,,,,
30/04/1990,4,3,,,24,,,,,,,,,,,,,1,,,,,,24,,,,,,,,,,,,,,,,,1,,,8,7,,,,,,,,7,1,,,2,5,,,,,,,,3,,1,11,,,1,,,,,,,1,,2,,,,,,,,
15/05/1990,2,7,,,5,,,,,,,,,,,,,,,,,,,14,,,,,,,,,,,,,,,1,,,,,16,6,,,,,,,,5,,,,,6,,,,,,,,1,,1,9,,,,,,,,2,,,1,1,,,,,,,,
14/06/1990,,3,,,,,,,,,,,,,,,,1,,,,,,13,,,,90,,,,,,,,,,,,,,,,22,3,,,,,,,,4,3,,,,,,,,,,,,,,,7,,,8,,,,,2,,,90,13,,,,,,,,
11/07/1990,,,1,,2,,,,,,,,,,2,,1,,,,,,,27,,,,11,,,,,,,,,,,,,,,,71,,,,,,,,,21,,,,,,,,,,,,,,,,19,,,2,,,,,1,,,303,175,,,,,,,,
14/08/1990,,2,,,,,,,,,,,,,1,,,,,,,,,4,,,,2,,,,,,,,,,,,,,,,35,,,,,,,,,5,,,,,1,,,,,,,,,,,24,,,14,,,,,,,,26,17,,,,,,,,
11/09/1990,,2,,,,,,,,,,,,,6,,,,,,,,,2,,,3,2,,,,,,,,,,4,,,,,,161,,,,,,,,,1,,,,,7,,,,,,,,,,,23,,,15,,,,,,,,76,58,,,,,,,,
11/10/1990,2,1,,1,,,,,,,,,,,11,,,1,,,,,,4,,,,5,,,,,,,,,,7,,,1,,,127,,,,,,,,,1,2,,,,4,,,,1,,,,,,,33,,,3,,,,,,,,177,33,,,,,,,,
08/11/1990,1,2,,5,,,,,,,,,,,23,,,2,,,,,,4,,,1,6,,,,,,,,,,2,1,,2,,,244,,,,,,,,,,,,,,24,,,,,,,,,,,,,,23,,,,,,,,103,38,,,,,,,,
06/12/1990,,42,,2,,,,,,,,,,,20,,1,1,,,,,,27,,,1,13,,,,,,,,,,1,4,,17,,,699,3,,,,,,,,1,,,,,28,,,,,,,,,,1,1,,,851,,1,,,,,,91,40,,,,,,,,
22/01/1991,,4,,2,,,,,,,,,,,6,,1,,,,,,,18,,,1,6,,3,,,,,,,,,17,,21,,,279,1,,,,,,,,1,,,,1,45,,,,,,,,,,,2,,,430,,,,,,,,23,9,,,,,,,,
21/02/1991,,2,,,,,2,,,,,,,,,1,,,,,,,,9,,,,3,,,,,,,,,,1,27,,13,,,173,,,,,,,,,7,,,,,14,,,,,,,,,,,1,,,12,,,,,,,,34,2,,,,,,,,
21/03/1991,4,,,,,,,,,,,1,,,1,,,,,,,,,3,,3,1,,,,,,,,,,,,1,,2,,,44,,,,,,,,,4,,,,,3,,,,,,,,,,,2,,,,,,,,,,,11,5,,,,,,,,
17/04/1991,2,1,,,,,,,,,,,,,1,,,3,,,,,,5,,1,,,,,,,,,,,,,,,7,,,88,1,,,,,,,,5,,,,,5,,,,,,,,,,,5,,,3,,,,,,,,9,13,,,,,,,,
20/05/1991,,,,,2,,,,,,,,,,3,,,,,,,,,1,,1,,,,,,,,,,,,,,,,,,3,1,,,,,,,,3,,,,,,,,,,,,,,,,16,,,1,,,,,,,,4,12,,,,,,,,
17/06/1991,,,,,7,,,,,,,,,,,,,,,,3,,,,,,,,,,,,,,,,,,,,,,,1,1,,,,,,,,10,,,,,,,,,1,,,,,,,19,,,1,,,,,,,,2,4,,,,,,,,
16/07/1991,,,,1,,,,,,,,1,,,,,,1,,,,,,,,,,1,,,,,,,,,,,,,,,,5,,,,,,,,,11,2,,,,,,,,,,,,,,,6,,,4,,,,,,,,2,4,,,,,,,,
15/08/1991,,,,,,,,,,,,,,,3,,,1,,,,,,,,,,,,,,,,,,,,,,,2,,,50,,,,,,,,,7,,,,,9,,,,,,,,,1,,4,,,13,,,,,,,,6,5,,,,,,,,
16/09/1991,,1,,,,,,,,,,,,,2,,1,1,,,,,,,,,1,1,,,,,,,,,,10,,,5,,,66,2,,,,,,,,,,,,,14,,,,,,1,,,,,9,,,8,,,,1,,,,3,3,,,,,,,,
14/10/1991,,,,,,,,,,,,1,,,3,,,1,,,,,,,,,1,1,,,,,,,,,,51,1,,2,,,123,,,,,,,,,,,,,,26,,,,,,,,,,,3,,,9,,,,,,,,38,34,,,,,,,,
14/11/1991,,1,,1,,,,,,,,,,,5,,,,,,,,,1,,1,,,,1,,,,,,1,,11,2,,15,,,63,,,,,,,,,,,,,,11,,,,,,,,,1,,2,,,166,,,,,,,,4,2,,,,,,,,
13/12/1991,,6,,,,,,,,,,,,,6,,,,,,,,4,,,,1,5,,,,,,,,,,2,23,,37,,,244,1,,,,,,,,,,,,,17,,,,,,,,,,1,1,,,676,,,,,,,1,5,13,,,,,,,,
13/01/1992,,2,,,,,,,,,,,,,8,1,,,,,,,1,1,,,,1,,,,,,,,,,,17,,15,,,135,,,,,,,,,3,,1,,,8,,,,,,,,,,,,,,881,,,,,,,2,1,2,,,,,,,,
10/02/1992,,,,,,,,,,,,,,,,,,,,,,,,,,,,,,,,,,,,,,,,,,,,,,,,,,,,,,,,,,,,,,,,,,,,,,,,,,,,,,,,,,,,,,,,,
10/03/1992,,,,,,,,,,,,,,,1,1,,2,,,,,,3,,2,,,,,,,,,,,,1,17,,8,,,42,3,,,,,,,,4,,,,,6,,,,,,,,,,,5,,,19,,,,,,,9,11,4,,,,,,,,
21/04/1992,,1,,1,8,,,,,,,,,,1,,,1,,,,,,4,,,1,,,,,,,,,,,,,,1,,,10,,,,,,,,,8,,,,,22,,,,,,,,,,,5,,,10,,,,,,,4,7,7,,,,,,,,
21/05/1992,1,,,,11,,,,,,,,,,3,,,1,,,,,,2,,,,,,,,,,,,,,,,,,,,8,,,,,,,,,6,4,,,,,,,,,,,,,,,4,,,,,,,,,,,1,1,,,,,,,,
22/06/1992,,,1,,2,,,,,,,,,,,,1,,,,,,,1,,,5,2,,,,,,,,,,,,,,,,50,,,,,,,,,14,5,,,,2,,,,,,,,,2,,9,,,,,,,,,,,,,,,,,,,,
20/07/1992,,,,,,,,,,,,,,,,,,,,,,,,1,,,21,1,,,,,,,,,,1,,,,,,48,,,,,,,,,33,,,,,,,,,,,,,,,,29,,,11,,,,,,,,,,,,,,,,,
20/08/1992,,2,,,,,,,,,,,,,,,1,,,,,,,,,,13,2,,,,,,,,,,5,,,,,,209,,,,,,,,,,2,1,,,8,,,,,,,,,1,,46,,,14,,,,,,,,3,4,,,,,,,,
17/09/1992,,,,1,,,,,,,,,,,1,,,2,,,,,,21,,,9,46,,,,,,,,,,57,,,14,,,319,,,,,1,,,,2,,,,,39,,,,,,,,,,,67,,,111,,,,1,,,,11,12,,,,,,,,
19/10/1992,,4,,,1,,,,,,,,,,,,1,1,,,,,,7,,,4,3,,,,,,,,,,4,,,1,,,101,1,,,,,,,,1,,,,,4,,,,,,,,,,,2,,,45,,,,,,,,4,1,,,,,,,,
16/11/1992,1,8,,,,,,,,,,,,,6,,,1,,,,,,5,,,1,,,,,,,,,,1,1,4,,43,,,166,3,,,,,,,,,,1,,,6,,,1,,,,,,,,1,,,1051,,,,,,,,1,2,,,,,,,,
16/12/1992,,,,1,,,,,,,,,,,5,,,1,,,,,,3,,,1,2,,,,,,,,,,3,33,,7,,,220,13,,,,,,,,2,1,,,,6,,,,,1,,,,,,,,,875,,,,1,,2,2,,1,,,,,,,,
14/01/1993,,,,,,,,,,,,,,,1,1,,,,,,,,,,,1,2,,,,,,,,,,,19,,20,,,365,5,,,,,,,,3,1,,,,19,,,,,,,,,,,6,,,1097,,,,,,,4,1,1,,,,,,,,
11/02/1993,,,,4,,,,,,,,,,,7,,,,,,,,,7,,1,1,3,,,,,,,,,,1,16,,12,,1,289,1,,,,,,,,7,,1,,,16,,,,,,,,,,,5,,,5,,,,,,,4,1,18,,,,,,,,
15/03/1993,,,,,,,,,,,,,,,1,2,,,,,,,,1,,1,1,,,,,,,,,,,,3,,,,1,91,2,,,,,,,,2,,,,,27,,,,,,,,,,,5,,,1,,,1,,,,6,,20,,,,,,,,
13/04/1993,,,,,,,,,,,,,,,,,,1,1,,,,,,,,,,,,,,1,,,,,,,,2,,,59,,,,,,,,,7,,,,7,,,,,,1,,,,,,4,,1,1,,,,,,,,,3,,,,,,,,
17/05/1993,1,,,,2,,,,,,,,,,,,,1,,,,,,2,,,,,,1,,,,,,,,,,,,,,153,5,,,,,,,,15,,,,,24,,,,,,,,,,1,22,,,1,,,,,,,,,,,,,,,,,
09/06/1993,,,,,,,,,,,,,,,,,,,,,,,,2,,,,3,,,,,,,,,,,,,,,,22,,,,,,,,,30,,,,,,,,,,,,,,,,24,,,,,,,,,,1,6,1,,,,,,,,
08/07/1993,,,,1,,,,,,,,,,,,,,1,,1,,,,4,,,1,,,,,,2,,,,,,,,,,,4,,,,,,,,,17,,,,,1,,,,,,,,,,,13,,,6,,,,,,,,4,2,,,,,,,,
09/08/1993,,,,1,,,,,,,,,,,,,2,1,,,,,,0,,,,,,,,,,,,,,,,,,,,76,,,,,,,,,1,,,,1,,,,,,,,,,,,12,,,6,,,,,,,,15,4,,,,,,,,
08/09/1993,,,,,,,,,,,,1,,,2,,6,3,,,,,,1,,,1,5,,,,,,,,,,24,,,,,,262,,,,,,,,,5,,,,,8,,,,,,,,,,,45,,,30,,,,,,,,22,307,,,,,,,,
07/10/1993,,,,1,,,,,,,,,,,6,,,1,,,,,,1,,,,28,,,,,,,,,,12,,,1,,,178,,,,,,,,,1,,,,,9,,,,1,,,,,,,36,,,10,,,,1,,,1,14,155,,,,,,,,
08/11/1993,,,,,,,,,,,,,,,1,,,,,2,,,,4,,,1,14,,2,,,,,,,,,2,,,,,385,1,1,,,,,,,2,,,,15,1,,,,1,,,,,,,1,,,126,,,,,,,,17,74,,,,,,,,
06/12/1993,,1,,1,,,,,,,,,,,5,,1,,,,,,,1,,,,9,,,,,,,,,,3,5,,,,,243,,,,,,,,,,,,,2,8,,,,,,,,,,,,,,1681,,,,,,,,,39,,,,,,,,
19/01/1994,,,,,,,,,,,,,,,5,1,,,,,,,7,1,,,,3,,,,,,,,,,,17,,7,,,320,2,,,,,,,,1,,,,,10,,,,,,,,,,,,,,831,1,,,,,,2,3,21,,,,,,,,
17/02/1994,,,,,,,,,,,,,,,1,,1,,,,,,,3,,,2,5,,,,,,,,,,2,5,,7,,,672,1,,,,,,,,6,,,,,6,,,,,,,,,,,,,,17,1,,,,,,1,,29,,,,,,,,
17/03/1994,,,,,1,,,,,,,,,,2,,,1,,,,,2,1,,,,3,,,,,,,,,,1,2,,,,2,39,1,,,,,,,,6,,1,,,15,,,,,,,,,,,2,,,1,3,,,,,,,,11,,,,,,,,
13/04/1994,1,1,,,,,,,,,,,,,1,,,1,,,,,,,,1,1,,,,,,,,,,,,,,,,,130,,,,,,,,,8,,,,,6,,,,,,,,,,,14,,,,1,,,,,,,,6,,,,,,,,
16/05/1994,,,,,,,,,,1,,,,,1,,,2,,,,,,1,,,,,,,,,,,,,,,,,,1,1,49,,,,,,,,,10,,,,,2,,1,,,,,,,,,10,,,1,,,,,,,,2,2,,,,,,,,
13/06/1994,1,,,,4,,,,,,,,,,,,,,,,,,,1,,,,1,,,,,,,,,,,,,,,,28,,,,,,,,,45,10,,,2,,,,,,,,,,,,5,,,8,1,,,,,,,,24,,,,,,,,
13/07/1994,,,,,1,,,,,,,,,,1,,,,,,,,,1,,,,,,,,,,,,,,,,,,,,4,,,,,,,,,25,1,,,,1,,,,,,,,,,,21,,,26,,,,,,,,6,1,,,,,,,,
11/08/1994,,2,,2,,,,,,,,,,,,,1,1,,,,,,1,,,,,,1,,,,,,,,,,,1,,,164,,,,,,,,,9,1,,,,22,,,,,,,,,,,16,,,33,,,,,,,,1,2,,,,,,,,
08/09/1994,,11,,2,,,,,,,,,,,3,,,,,,,,,9,,,1,23,,,,,,,,,,7,2,,,,,322,1,,,,,,,,11,,3,,,52,,,,1,,,,,,,121,,,12,,,,,,,,12,13,,,,,,,,
10/10/1994,,3,,1,,,,,,,,1,,,8,,,1,,,,,,4,,,2,49,,,,,,,,,,28,1,,,,,105,,,,,,,,,3,1,2,,,16,,,,,,,,,,,14,,,15,,1,,,,,,12,17,,,,,,,,
09/11/1994,1,2,,1,,,,,,,,3,,,7,,2,,,,,,,3,,,,12,,,,,,,,,,14,2,,1,,,148,,,,,,,,,1,1,4,,,12,,,,5,,,,,,,8,,,142,,1,,,,,,16,22,,,,,,,,
07/12/1994,,1,,1,,,,,,,,1,,,9,,,,,,,1,,,,,,9,,3,,,,,4,,,6,28,,,,,226,,,,,,,,,2,,2,,,51,,,,,,,,,,,8,,,400,,,,,,,,7,13,,,,,,,,
06/01/1995,,,,1,,,,,,,,,,,4,2,1,1,,,,,,2,,,,2,,1,,,,,,,,1,37,,6,,,206,,,,,,,,,2,1,3,,,18,,,,,,,,,,,,,,301,,,,,,,,1,1,1,,,,,,,
06/02/1995,,1,,1,,,,,,,,,,,2,1,,,,,,,,,,1,,2,,,,,,,,,1,1,5,,,,,147,,,,,,,,,3,,,,,38,,,,,,,,,,,5,,,10,,,,,,,9,3,,,,,,,,,
08/03/1995,,,,,,,,,,,,,,,,1,,,,,,,,1,,,,,,,,,,,,,,1,1,,1,,,66,,,,,,,,,8,,1,,1,11,,,,,,,,,,,1,,,3,,1,,,,,3,,,,,,,,,,
06/04/1995,,,,,1,,,,,,,,,,,,,,,,,,,,,,,2,,,,,,,,,,,,,,,1,28,1,,,,,,,,7,,1,,,29,,,,,,,,,,,4,,,,,,,,,,1,1,2,,,,,,,,
05/05/1995,,1,,,,,,,,,,,,,,,,,,,1,,,,,,,,,,,,,,,,,,,,,,1,32,,,,,,,,,15,,,,,18,,,,,,,,,,,8,,,1,,,,,1,,,1,,,,,,,,,
05/06/1995,,,,,3,,,,,,,,,,,,,,,,,,,,,,,,,,,,,,,,,,,,,,,5,,,,,,,,,5,,,,,,,,,,,,,,,,10,,,,,,,,1,,,,,,,,,,,,
03/07/1995,,2,,2,2,,,,,,,,,,1,,,2,,,,,,,,,,,,,,,,,,,,,,,,,,35,,,,,,,,,22,5,,,,5,,,,,,,,,,,17,,,6,,,,,,,,4,,,,,,,,,
02/08/1995,,,,1,,,,,,,,,,,,,,1,,,,,,,,,,,,,,,,,,,,,,,,,,6,,,,,,,,,6,,,,,21,,,,,,,,,,,19,,,3,,,,,,,,1,,,,,,,,,
15/09/1995,,18,,1,,,,,,,,1,,,15,,35,3,,,,,,55,,,,3,,,,,,,,,,28,,,,,,92,,,,,33,,,,2,1,,,,72,,,,2,,,,,,,27,,,1,,2,,,,,,2,6,,,,,,,,
16/10/1995,4,3,,1,,,,,,1,,,,,8,,4,5,,,,,,15,,,1,4,,,,,,,,,,74,,,,,,60,,,,,1,,,,,,1,,1,23,,,,2,,,,,,1,16,,1,31,,,,,,,,6,24,,,,,,,,
14/11/1995,1,2,,,,,,1,,,,2,,,2,,3,1,,,,,5,6,,,2,3,,,,,,,,,,18,,,1,,,135,1,,,,,,,,1,,,,,21,,,,1,,,,,,,4,,,19,,,,1,,,,,10,,,,,,,,
14/12/1995,,3,,,,,,,,,,,,,1,1,9,,,,,,,7,,,,1,,,,,,,,,,5,4,,3,,,111,,,,,,,,,,,,,2,23,,,,,,,,,,,2,,,253,,,,,,,,,12,,,,,,,,
12/01/1996,,2,,1,,,,,,,,,,,2,5,2,,,,,,,2,,,,5,,,,,,,,,,,22,,2,,,145,1,1,,,,,,,,,,,,26,,,,,,,,,,,1,,,480,,,,,,,,1,5,,,,,,,,
26/02/1996,,1,,,,,,,,,,,,,,1,,,,,,,,8,,,,,,,,,,,,,,,3,,4,,,85,,,,,,,,,8,,,,,29,,,,,,,,,,,,,,357,,,,,,,3,,1,,,,,,,,
26/03/1996,1,5,,,,,1,,,,,,,,1,,,1,,,,,,3,,,,,,,,,,,,,,,,,,,,39,,,,,,,,,4,,,,,5,,,,,,,,,,,,,,2,,,,,,,,,1,,,,,,,,
23/04/1996,2,1,,1,,,,,,,,,,,,,,3,,,,,,3,,,1,,,,,,,,,,,,,,,,,42,,,,,,,,,7,,,,,4,,,,,,,,,,,7,,,,,1,,,,,,1,1,,,,,,,,
23/05/1996,3,1,,,1,,,,,,,,,,,,,3,,,,,,2,,,,,,,,,,,,,,,,,1,,3,27,,,,,,,,,26,,,,,4,,,,,,,,1,,,18,,,,,,,,1,,,,3,,,,,,,,
20/06/1996,1,3,,1,2,,,,,,,,,,,,,3,,,,,,1,,,,,,,,,,,,,,,,,,,,16,,,,,,,,,38,19,,,,12,,,,,,,,,,,27,,,,1,,,,,,,,1,,,,,,,,
22/07/1996,,2,,,11,,,,,,,,,,,,2,,,,,,,1,1,,,,,,,,,,,,,,,,,,,17,,,,,,,,,14,1,,,,11,,,,,,,,,,,6,,,197,,,,,,,,1,,,,,,,,,
20/08/1996,,2,,,1,,,,,,,,,,1,,,1,,,,,,2,,,1,,,,,,,,,,,1,,,11,,,39,,,,,,,,,4,,,,1,19,1,,,,,,,,,,17,,,85,,,,,,,,,1,,,,,,,,
18/09/1996,,13,,1,,,,,,,,2,,,6,,2,1,,,,,,11,,,1,,,,,,,,,,,,,,24,,,250,,,,,,,,,5,,,,1,149,,,,,,,,,,,27,,,69,,,,,,,,2,10,,,,,,,,
18/10/1996,,,,1,,,,,,,,3,,,5,,,5,,,,,,1,,,6,3,,,,,,,,,,8,5,,5,,,121,,,,,,,,,4,1,,,,88,,,,2,,,,,,,32,,1,21,,,,,,,1,11,16,,,,,,,,
18/11/1996,1,4,,1,,,,,,,,,,,4,,,1,,,,,,10,,,,4,,,,,,,,,,1,2,,25,,,279,,,,,,,,,,,,,,34,,,,,,,,,,,5,1,,107,,1,,,,,2,5,5,,,,,,,,
16/12/1996,,2,,,,,,,,,,,,,2,,1,,,,,,,2,,,1,5,,,,,,,,,,1,39,,6,,1,285,1,,,,,,,,,,,,,13,,,,,,,,,,,,,,851,,,,,,,3,,1,,,,,,,,
15/01/1997,,,,,,,,,,,,,,,,,,,,,,,,9,,,,3,,,,,,,,,,,265,,299,,,108,,,,,,,,,4,,,,,3,,,,,,,,,,,,,,2021,,,,,,,4,,,,,,,,,,
12/02/1997,1,4,,2,,,,,,,,,,,1,1,,,,,,,,1,,,,3,,,,,,,,,1,1,36,,45,,,103,,,,,,,,,6,,,,,19,,,,,,,,,,,2,,,408,,,,,,,5,,3,,,,,,,,
14/03/1997,,2,,2,1,,,,,,,,,,1,,,1,,,,,,,,,,,,,,,,,,,,,3,,12,,,104,,,,,,,,,16,,,,,51,,,,,,,,,,,11,,,6,,,,,,,,,2,,,,,,,,
14/04/1997,3,,,,2,,,,,,,,,,,,,3,,,,,,1,,,,,,,,,,,,,,,,,,,7,24,,,,,,1,,,16,,,,,17,,,,,,,,,,1,20,1,,1,,,,,,,1,,,,,,,,,,
12/05/1997,2,,,,2,,,,,,,,,,,,,1,,,,,,2,,,1,,,,,,,,,,,,,,,,1,13,,,,,,,,,14,,,,,22,,,,2,,,,,,,37,,,3,,,,,,,,1,,,,,,,,,
10/06/1997,2,,,1,1,,,,,,,,,,,,5,3,,,,,,1,,,,1,,,,,,,,,,,,,,,1,8,,,,,,,,,28,2,,,,,,,,1,,,,,,,15,,,,,,,,1,,,1,12,,,,,,,,
10/07/1997,,,,1,,,,,,,,,,,,,,2,,,,,,,,,,3,,,,,,,,,,,,,,,1,26,,,,,,,,,16,1,,,,2,,,,,,,,,,,2,,,7,,,,,,,,77,,,,,,,,,
08/08/1997,,,,,,,,,,,,,,,1,,,,,,,,,,,,,4,,,,,,,,,,5,,,,,,55,,,,,,,,,4,,,,,22,,,,,,,,,,,3,,,10,1,,,,1,,2,36,26,,,,,,,,
08/09/1997,,,2,,,,,,,,,1,,,3,,,3,,,,,,89,,,,4,,,,,,,,,,57,,,1,,,44,,,,,3,,,,2,1,1,,,69,,,,,,,,,,,6,,,39,,,,,,,,15,45,,,,,,,,
07/10/1997,,1,,,,,1,,,,,,,,3,,,,,,,,,237,,,,,,,,,,,,,,39,1,,4,,,208,,,,,,,,,2,,,,,49,,,,,,,,,,,26,,,47,,,,,,,,56,124,,,,,,,,
06/11/1997,,,,2,,,1,,,,,,,,2,,,,,,,,,27,,,,6,,2,,,,,,,,23,4,,1,,,154,,,,,,,,,,,,,,25,,,,,,,,,,,2,,,85,,1,,,,,,26,36,,,,,,,,
05/12/1997,1,,,1,,,1,,,,,,,,1,,13,,,,,,,15,,,,6,,,,,,,,,,2,10,,5,,,661,,,,,,,,,,,,,,34,,,,,,,,,,,,,,736,,1,,,,,,23,43,,,,,,,,
06/01/1998,1,,,1,,,,,,,,,,,6,1,3,,,,,,,9,,,,2,,1,,,,,,,,3,13,,7,,,193,,,,,,,,,1,,,,,21,,,,,,,,,,,1,,,894,2,1,,,,,1,6,5,,,,,,,,
03/02/1998,,1,,2,,,,,,,,,,,2,,4,,,,,,1,4,,,,1,,,,,,,,,,2,39,,14,,,458,,,,,,,,,1,,,,,11,,,,,,,,,,,,,,38,2,,,,,,1,2,2,,,,,,,,
04/03/1998,,,,,,,1,,,,,,,,1,3,,,,,,,,2,,4,,,,,,,,,,,1,,14,2,1,,,83,,,,,,,,,11,,,,,18,,,,,,,,,,,5,,,6,2,,,,,,6,15,8,,,,,,,,
02/04/1998,1,,,,,,,,,,,,,,1,,,1,,,,,,8,,,,,,,,,,,,,,,1,,,,1,197,1,,,,,,,,15,1,,,,17,,,,1,,,,,,,4,,,1,,,,,,,,7,15,,,,,,,,
01/05/1998,3,,,,1,,,,,,,,,,,,,1,,,,,,19,,1,1,1,,,,,,,,,,,,,4,,,193,1,,,,,,,,16,,,,,7,,,,,,,1,,,,21,,,1,,1,,,,,,2,3,,,,,,,,
15/06/1998,,,,1,,,,,,,,,,,,,,,,,,,,59,,,,,,,,,,,,,,,,,,,,3,,,,,,,,,13,,,,,,,,,,,,,,1,,22,,,5,,,,,,,,,,,,,,,,,
15/07/1998,,,,,1,,,,1,,,,,,,,,,,1,,,,13,,,,,,,,,,,,,,,,,,,,10,,,,,,,,,9,,1,,,32,,5,,,,,,,,,38,,,4,,,,,,,,2,,,,,,,,,
13/08/1998,,,,,,,,,,,,,,,4,,,1,,,,,,2,,,,,,,,,,,,,,1,,,,,,31,,,,,,,,,6,,,,2,72,,1,,,,,,,,,11,,,1,,,,,,,,2,5,,,,,,,,
11/09/1998,1,,1,1,,,,,,,,2,,,16,,,,,,,,,16,,,,,,,,,,,,,1,16,1,2,1,,,77,,,,,,,,,1,,2,,,134,,,,,,,,,,,34,,,3,,,,,,,,7,13,,,,,,,,
12/10/1998,,4,,1,,,,,,,,,,,11,,,2,,3,,,,4,,,1,,,,,,2,,,,,6,,,,,,57,,,,,,,,,,,3,,,50,,,,,,,,,,,12,,,6,,,,,,,,7,6,,,,,,,,
09/11/1998,5,,1,1,,,1,,,,,4,,,35,,,,,,,,,11,,,,2,,1,,,,,,,,5,3,5,,,,231,,,,,,,,,,,,,,152,,,,,,,,,,,13,,,498,2,,,1,,,,11,6,,,,,,,,
08/12/1998,,,,1,,,,,,,,,,,17,,3,1,1,,,,,18,,,2,8,,,,,,,,,,3,17,,3,,,1077,1,,,,,,,,,,1,,,111,,,,,,,,,,,3,,,6773,1,,,,,,1,13,5,,,,,,,,
08/01/1999,,,,3,,,,,,,,,,,8,,,,,,,,,1,,2,,,,1,,,,,,,,,9,,10,,,198,,,1,,,,,,,,,,,59,,,,,,,,,,,2,,,999,,,,,,,2,2,2,,,,,,,,
08/02/1999,1,,,1,,,,,,,,,,,7,,,,,,,,,,,4,1,,,,,,,,,,1,,13,1,,,,312,,,,1,,,,1,4,,,,,41,,,,,,,,,,,,,,254,1,,,,,,3,,2,,,,,,,,
09/03/1999,,,,1,,,,,,,,,,,2,2,1,,,1,,,,3,,3,1,,,,,,,,,,,,5,,,,,88,,,,,,,,,5,,,,,16,,,,1,,,,,,1,2,,,18,,,,,,,,1,5,,,,,,,,
08/04/1999,1,,,,2,,,,,,,,,,,,,,,,,,,1,,3,,,,,,,,,,,,,,,,,,28,1,,,,,,,,8,,,,,10,,,,,,,,,,1,9,,,,,,,,,,,4,,,,,,,,,
06/05/1999,,,,,13,,,,,,,,,,2,,,1,,,,,,4,,,,,,,,,,,,,,,,,,,1,25,,,,,,,,,10,,,,,16,,,,,,,,,,1,17,,,1,,,,,,,,1,,,,,,,,,
18/06/1999,,,,1,3,,,,,,,,,,1,,,,,,,,,4,,,3,35,,,,,,,,,,,,,,,,43,,,,,,,,,40,2,,,1,4,,3,,,,,,,,,30,,,,,,,,1,,,19,1,,,,,,,,
19/07/1999,,,,,,,,,,,,,,,12,,2,1,,,,,,,,,9,3,,,,,,1,,,,,,,,,,212,,,,,,,,,24,1,,,1,5,,,,,,,,,,,46,,,14,,,,,,,,27,21,,,,,,,,
17/08/1999,,1,,,,,,,,,,,,,10,,,1,,,,,,7,,,4,12,,,,,,,1,,,,,,,,,273,,,,,,,,,16,,2,,,81,,,,,,,,,,,114,,,24,,1,,,,,,6,50,,,,,,,,
14/09/1999,,4,,1,,,,,,,,3,,,12,,,,,,,,,40,,,1,10,,,,,,,1,,,1,,,,,,194,,,,,2,,,,12,,5,,,227,,,,,,,,,,,78,,,35,,,,,,,,12,29,,,,,,,,
15/10/1999,1,6,,,,,,,,,,1,,,21,,,,,,,,,27,,,4,28,,,,,,,,,,13,,,,,,341,,,,,,,,,3,,,,,56,,,,,,,,,,,21,,,133,1,,,,,,,29,53,,,,,,,,
16/11/1999,1,11,,,,,,,,,,,,,3,,,1,,,,,,5,,,,3,,,,,,,,,,5,,,1,,,139,,,,,,,,,,,,,,4,,,,,,,,,,,,,,52,,,,,,,,1,15,,,,,,,,
12/01/2000,,1,,,,,1,,,,,1,,,6,1,,,,,,,,8,,,6,19,,,,,,,,,,,6,3,1,,,1101,,,,,,,,,,,,,,63,,,,,,,,,,,3,,,413,2,,,,,,4,4,12,,,,,,,,
11/02/2000,2,1,,,,,,,,,,,,,8,3,1,,,,,,,2,,1,2,8,,,,,,,,,,,3,,1,,,339,,,,,,,,,5,,,,,57,,,,,,,,,,1,3,,,9,3,,,,,,1,2,2,,,,,,,,
10/03/2000,1,1,,3,,,,,,,,,,,5,,,,,,,,,7,,1,1,1,1,,,,,,,,,,,5,,,,113,,,,,,,,,10,,1,,,16,,,,,,,,,,,4,,,2,,,,,,,1,2,1,,,,,,,,
10/04/2000,,,,,,,,,,,,,,,1,,,1,,,,,,2,,,,,1,,,,,,,,,,,,,,,114,,,,,,,,,14,,,,,8,,,,,,,,,,,6,,,1,,,,,,,,,1,,,,,,,,
08/05/2000,,,,1,1,,,,,,,,,,,,,2,,,,,,4,,,,,,,,,,,,,,,,1,,,,60,,,,,,,,,35,,,,,8,,,,,,,,,,,13,,,,,,,,,,,3,,,,,,,,,
06/06/2000,,,,,14,,,,,,,,,,,,2,1,,,,,,10,,,,60,,,,,,1,,,,,,,,,,44,,,,,,,,,31,5,,,,2,,,,,,,,,,,40,,,1,,,,,,,,9,2,,1,,,,,,
05/07/2000,,,,3,2,,,,,,2,,,,,,38,1,,,,,,14,,,,70,,,,2,,,,,,,,2,,,,117,,,,,,,,,58,,,,1,1,1,,,,,,,,,,14,,,81,1,,,,,,,21,4,,,,,,,,
21/08/2000,,,,1,2,,,,,,,,,,,,,,,,,,,1,,,1,17,,,,,,,,,,3,1,,,,,269,,,,,,,,,8,,,,,101,,,,,,,,,,,15,,,143,,,,,,,,3,3,,,,,,,,
19/09/2000,,,,,,,,,,,,,,,19,,37,1,,,,,,3,,,1,16,,,,,,,,,,3,,,1,,,235,,,,,,,,,15,,,,,69,,,,1,,,,,,,63,,,27,,,,,,,,4,1,,,,,,,,
19/10/2000,2,,,,1,,,,,,,5,,,9,,2,1,,,,,,5,,,,17,,,,,,,1,,,17,,,1,,,108,,,,,,,,,,,,,,143,,,,1,,,,,,,21,,,21,,,,,,,,2,26,,,,,,,,
17/11/2000,,,,,,,,,,,,,,,12,,5,,,,,,1,4,,,,1,,2,,,,,,,,1,5,,12,,,62,,,,,,,,,,,,,,8,,,,,,,1,,,,5,,,174,,,,,,,,,4,,,,,,,,
18/12/2000,,,,,,,1,,,,,1,,,5,,78,1,,,,,,2,,1,1,5,,,,,,,,,,1,3,,3,,,140,,,,,,,,,1,,,,,20,,,,,,,,,,,1,,,761,,,,,,,3,1,10,,,,,,,,
16/01/2001,,,,,,,,,,,,,,,1,,69,1,,,,,,5,,,,9,,2,,,,,,,,,18,,23,,,252,,,,,,,,,5,1,,,,9,,,,,,,,,,,,,,428,,,,,,,1,,,,,,,,,,
14/02/2001,,,,1,,,,,,,,,,,2,3,23,,,,,,,8,,,,10,,,,,,,,,,,4,,13,,,217,,,,,,,,,14,,,,,22,,,,1,,,,,,,4,,,12,2,1,,,,,,5,16,,,,,,,,
15/03/2001,1,,,4,,,,,,,,,,,1,,4,,,,,,,4,,,,6,,2,,,,,,,,,1,,5,,1,112,,1,,,,,,,21,1,,,,63,,,,,,,,,,1,6,,,,1,1,,,,,1,2,5,,,,,,,,
12/04/2001,1,,,,,,,,,,,,,,1,,,1,,,,,,5,,,,2,,2,,,,,,,,,,2,1,,,56,,,,,,,,,35,,,,,58,,1,,1,,,,,,,9,,,,1,1,,,,,,1,1,,,,,,,,
15/05/2001,,,,,2,,,,,,,,,,,,,1,,,,,,,,,,,,1,,,,,,,,,,,,,,5,,,,,,,,,6,,,,,1,,,,,,,,,,,4,,,2,,,,,1,,,1,2,,,,,,,,
12/06/2001,,,,,,,,,,,,,,,,,8,,,,,,,1,,,2,,,2,,,,,,,,,,,,,,4,,,,,,,,,13,2,,,,,,1,,,,,,,,1,17,,,5,,,,,,,,,,,,,,,,,
11/07/2001,,,3,,,,,,,,,,,,,,,,,,,,,3,,,1,,,,,,4,,,,,,,,,,,,,,,,,,,,5,1,,,,1,,1,,,,,,,,,8,,,69,,,,,,,,,3,,,,,,,,
10/08/2001,,,,1,,,,,,,,,,,,,2,1,,,,,,,,,2,,,2,,,,,,,,,,,1,,,22,,,,,,,,,4,,2,,,29,,,,,,,,,,,6,,,51,,,,,,,,5,,,,,,,,,
07/09/2001,,6,,,,,1,,,,,,,,9,,1,1,,,,,,10,,,,,,1,,,,,,,,4,1,1,1,,,53,,,,,1,,,,3,,1,,,70,,2,,,,,,,,,12,,,118,,,,,,,,3,,,,,,,,,
08/10/2001,2,1,,,,,,,,,,1,,,16,,,1,,,,,,12,,,3,1,,,,,,,,,,17,,,,,,40,,,,,,,,,1,1,2,,,42,,,,,,,,,,,28,,,15,,,,,,,,6,7,,,,,,,,
08/11/2001,,5,,,,,4,,,,,2,,,13,,5,1,,,,,,16,,,,,,,,,1,,,,,1,4,,14,,,73,,,,,,,,,,,2,,,25,,,,,,,,,,,6,1,,52,,,,,,,,,1,,,,,,,,
07/12/2001,1,1,,,,,,,,,,,,,6,,13,,,,,,,1,,1,7,3,,,,,,,,,,9,6,,2,,,202,,,,,,,,,,,1,,,61,,,,,,,,,,1,,,,278,,2,,,,,,5,5,,,,,,,,
21/01/2002,,1,,,,,,,,,,,,,1,1,2,1,,,,,,1,,,1,,,,,,,,,,,,11,,4,,,59,,,,,,,,,1,1,,,,7,,,,,,,,,,,,,,76,,,,,,,,1,,,,,,,,,
19/02/2002,1,,,,,,,,,,,1,,,4,1,,,,,,,1,,,,,,,,,,,,,,,,7,,7,,2,23,,,,,,,,,2,,,,,26,,,,,,,,,,,2,,,7,,,,,,,1,,,,,,,,,,
21/03/2002,,,1,,,,,,,,,,,,,,,1,,,,,,,,,,,,,,,,,,,,,,,1,,,11,,,,,,,,,3,,,,,8,,,,,,,,,,,,,,12,,3,,,,,,,,,,,,,,,
19/04/2002,1,,,,,,,,,,,,,,,,1,,,,,,,,,,,,,,,,,,,,,,,,1,,2,13,,,,,,,,,12,,,,,31,,,,,,,,,,,3,,,,,3,,,,,,,,,,,,,,,
16/05/2002,3,,,1,4,,,,,,,,,,1,,,5,,,,,,12,,,,,,,,,,,,,,,,,,,,16,,,,,,,,,105,,,,,29,,,,,,,,,,2,139,,,,,,,,1,,,4,1,,,,,,,,
14/06/2002,,,,2,10,,,,,,,,,,,,,3,,,,,,14,,,3,12,,,,,,1,,,,,,,,,,47,,,,,1,,,,113,15,,,,23,,,,,,,,,,,295,,,,1,,,,,,,279,1,,,,,,,,
16/07/2002,,,,,,,,,,,,,,,1,,,9,,,,,,1,,,,,,,,,,,,,,,,,,,,18,,,,,,,,,64,2,,,,4,,1,,,,,,,,,44,,,12,,1,,,,,,41,,,,,,,,,
13/08/2002,,,,1,,,,,,,,,,,1,,,7,,,,,,16,,,2,,,,,,,,,,,,,,,,,160,,,,,,,,,24,,,,,240,,,,1,,,,,,,144,,,121,,1,,,,,,36,13,,,,,,,,
12/09/2002,,,,1,,,,,,,,,,,2,,1,3,,,,,,317,,,1,2,,,,,,,,,,2,1,,1,,,333,,,,,2,,,,9,,,,,198,,,,,,,,,,,144,,,77,1,,,,,,,20,7,,,,,,,,
11/10/2002,1,3,,,,,,,,,,,,,5,,,4,,,,,,138,,1,,2,,,,,,,1,,,5,,,1,,,391,,,,,,,,,7,,1,,,136,,,,,,,1,,,,118,,,108,,,,,1,,,53,7,,,,,,,,
08/11/2002,4,1,,,,,,,,,,3,,,13,,,6,,,,,,56,,,1,4,,,,,,,2,,,5,15,,4,,,342,,,,,,,,,3,1,1,,,42,,,,,,,,,,,31,,,255,2,,,,,,,34,4,,,,,,,,
10/12/2002,,,,,,,,,,,,,,,11,,,14,,,,,2,44,,,,2,,1,,,,,,1,,,26,,10,,,744,,,,,,,,,4,,,,,91,,,,,,,,,,,7,,,197,1,,,,,,,7,,,,,,,,,
09/01/2003,,,,,,,,,,,,,,,1,,,5,,,,,1,28,,,,1,,1,,,,,,,,,18,,10,,,93,,1,,,,,,,2,,,,,6,,,,,,,,,,,,,,116,,,,,,,,1,,,,,,,,,
07/02/2003,,,,1,,,1,,,,,,,,,3,1,,,,,,,8,,,1,5,,,,,,,,,,,38,,9,,,237,,,,,,,,,3,,,,,29,,,,,,,,,,,2,,,19,,,,,,,2,16,2,,,,,,,,
10/03/2003,1,,,,,,,,,,,,,,2,,,1,,,,,,4,,,1,,,,,,,,,,,,14,,1,,1,105,,,,,,,,,6,,,,1,8,,,,,,,,,,,9,,,,,,,,,,,2,,,,,,,,,
08/04/2003,,,,,2,,,,,,,,,,,,,3,,,,,,4,,1,,,,,,,,,,,,,1,,,,,92,,,,,,,,,8,,,,,16,,,,,,,,,,1,7,,,1,,,,,,,,1,,,,,,,,,
07/05/2003,,,,,4,,,,,,,,,,,,,,,,,,,3,,,,,,,,,,,,,,,,,,,,37,,52,,,,,,,9,,,,,8,,,,,,,,,1,,31,,,2,,,,,,,,2,,,,,,,,,
05/06/2003,,,1,,9,,,,,,,,,,,,47,3,,,,,,5,,,,1,,,,,,,,,,,,,,,,73,,,,,,,,,17,7,,,1,9,3,,,,,,,,,,42,,,121,,,,,,,10,346,46,,,,,,,,
04/07/2003,,,,,15,,,,,,,,,,4,,13,,,,,,,14,,,,,,,,,,,,,,,,,,,,91,,,,,,,,,5,,,,,1,,,,,,,,,,,25,,,59,,,,,,,1,104,10,,,,,,,,
15/08/2003,,8,,1,1,,,,,,,,,,67,,4,1,,,,,,15,,,,,,,,1,,,,,,,,,6,,,140,,,,,8,,,,13,2,,,,50,,,,,,,,,,,330,,,20,,,,,,,,63,6,,,,,,,,
17/09/2003,,1,1,,,,,,,,,2,,,75,,,1,,,,,,4,,,,3,,,,,,,,,,11,,,1,,,52,,,,,1,,,,2,1,1,,,26,,,,,,,,,,,67,,,97,,,,,,,,42,100,,,,,,,,
17/10/2003,,,,,,,,,,,,,,,10,,1,,,,,,,6,,,,,,,,,,,,,,8,,,3,,,53,,,,,,,,,1,1,,,,12,,,,,,,,,,1,16,,,34,,,,,,,,18,83,,,,,,,,
17/11/2003,,5,,,,,,,,1,,1,,,21,,1,,,,,,,2,,,,,,,,,,,,,,,1,,2,,,82,,,,,,,,,1,,,,,12,,,,,,,,,,,,,,155,,,,,,,,9,148,,,,,,,,
15/12/2003,4,2,,1,,,,,,,,,,,45,,3,1,,,,,,2,,,,2,,,,,1,,,,,1,26,,13,,,301,,,,,,,,,3,,,,,24,,,,,,,,,,,5,,,337,,2,,,,,,16,53,,,,,,,,
14/01/2004,,,,2,,,1,,,,,,,,19,1,3,,,,,,2,1,,,,,,,,,,,,,,,39,,9,,,52,,,,,,,2,,5,,2,,,14,,,,,,,2,,,,1,,,68,,,,,,,1,3,5,,,,,,,,
12/02/2004,,,,,,,,,,,,,,,8,4,3,1,,,,,,4,,,,2,,,,,,,,,,,10,,13,,,173,,,,,,,,,9,,,,,21,,,,,,,,,,,1,,,68,,3,,,,,2,22,26,,,,,,,,
11/03/2004,,,,,,,,,,,,,,,,1,2,,,,,,,2,,,,1,,,,,,,,,,,3,,7,,,156,,,,,,,,,10,,,,,3,,,,,,,,,,1,2,,,6,,2,,,,,1,7,9,,,,,,,,
26/04/2004,,,,,2,,,,,,,,,,,,,1,,,,,,1,,,,,,,,,,,,,,,,,1,2,1,12,,,,,,,,,4,,,,,3,,,,,,,,,,1,20,,,1,,2,,,,,,1,1,,,,,,,,
24/05/2004,,,,,,,,,,,,,,,1,,,1,,,,,,,,,,,,,,,,,,,,,,,,,1,,,2,,,1,,,,13,,,,,2,,,,,,,,,,,31,,,1,,,,,1,,,4,1,,,,,,,,
24/06/2004,,1,,,,,,,,,,,,,,,,1,,,,,,,,,,,,,,,1,,,,,,,,,,,5,,,,,,,,,4,,1,,,3,,,,,,,,,,,33,,,26,,,,,,,,4,,,,,,,,,
26/07/2004,,,,,,,,,,,,,,,,,19,,,,,,,,,,,,,1,,,,,,,,1,,,,,,57,,,,,,,,,4,,,,,9,,,,,,,,,,,7,,,15,,,,,,,,11,3,,,,,,,,
23/08/2004,,1,,,,,,,,,,,,,,,70,,,,,,,28,,,2,1,,,,,,,,,,,,,2,,,364,,,,,,,,,,,1,,,51,,,,,,,,,,,11,,,132,,,,,,,,12,2,,,,,,,,
21/09/2004,1,3,1,,,,,,,,,1,,,7,,84,,,,,1,,12,,7,1,,,,,,1,,,,,5,,,8,,,84,,,,,2,,,,,,,,,48,,,,,,,,,,,26,,,22,,,,,,,,9,20,,,,,,,,
19/10/2004,,3,,,,,,,,,,,,,2,,63,1,,,,,,9,,1,2,5,,,,,1,,,,,13,1,,3,,,177,,,,,,,,,2,,,,,57,,,,,,,,,,1,12,,,33,,,,,,,,24,16,,,,,,,,
19/11/2004,,2,,,,,,,,,,,,,5,,4,1,,,,,,6,,2,,,,1,,,,,,,,3,,,2,,,33,,,,,,,,,,,2,,,17,,,,,,,,,,,22,,,12,,,,,,,,10,19,,,,,,,,
16/12/2004,1,,,1,,,,,,,,,,,6,,6,1,,,,,,2,,3,,,,,,,,,,,,4,39,,7,,,66,,,,,,,,,,,,,,71,,,,,,,,,,,8,,,182,,1,,,,,1,4,11,,,,,,,,
17/01/2005,,,,,,,,,,,,,,,5,1,,,,,,,,1,,2,1,,,,,,,,,,,,11,,,,1,29,,,,,,,,,,,,,,17,,,,,,,,,,,2,,,553,,,,,,,,3,7,,,,,,,,
15/02/2005,,,,1,,,,,,,,,,,3,,5,1,,,,,,,,9,,,,,,,,,,,,,5,,11,,,14,,,,,,,,,4,,,,3,73,,,,,,,,,,,1,,,111,,,,,,,,,8,,,,,,,,
16/03/2005,1,,,,,,2,,,,,,,,,,1,,,,,,,4,,7,,,,,,,,,,,,,3,,7,,,15,,,,,,,,,4,,,,,19,,,,,,,,,,,23,,,4,,,,,,,,1,1,,,,,,,,
15/04/2005,,,,,3,,,,,,,,,,,,,,,,,,,3,,10,1,,,,,,,,,,1,,,,,,1,4,,,,,,,,,2,,,,1,4,,,,,,,,,,,3,,,4,,,,,,,,2,2,,,,,,,,
13/05/2005,,,,,6,,,,,,,,,,,,,1,,,,,,,,3,,1,,,,,,,,,,,,,1,,,4,,,,,,,,,12,,,,6,2,,,,,,,,,,1,31,,,,,,,,,,,,1,,,,,,,,
13/06/2005,,,,,1,,,,,,,,,,,,,,,,,,,2,,,3,8,,,,,,,,,,,,,,,,39,,,,,,,,,6,2,,,2,,,,,,,,,,,,27,,,15,,,,,,,,11,,,,,,,,,
01/07/2005,,,,,,,,,,,,,,,6,,12,,,,,,,,,,,9,,1,,,1,,,,,,,,,,,40,,,,,,,,,12,,,,,1,,,,,,,,,,,23,,,9,,,,,,,,7,3,,,,,,,,
11/08/2005,,,,,,,,,,,,,,,11,,3,,,,,,,45,,,,1,,1,,,,,,,,,,,,,,97,,,,,6,,,,5,,,,1,9,,1,,,,,,,,,25,,,29,,,,,,,,4,1,,,,,,,,
12/09/2005,,,,,,,,,,,,,,,2,,,,,,,,,6,,,,2,,,,,,,,,,7,,,,,,210,,,,,1,,,,2,,,,,20,,,1,,,,,,,,8,,,5,,,,,,1,,4,8,,,,,,,,
22/11/2005,1,1,,,,,,,,,,,,,27,,3,,,,,,,10,,,3,10,,1,,,,,,,,5,2,,5,,,128,,,,,,,,,,,,,9,13,,,,1,,,,,,1,12,,,169,1,,,2,,,3,2,39,,,,,,,,
21/12/2005,,,,,,,,,,,,,,,7,,3,,,,,,,19,,,4,13,,2,,,,,,,,,3,,3,,1,248,,,,,,,,,,,2,,1,16,,,,,,,,,,,1,,,1084,1,,,,,,2,4,16,,,,,,,,
20/01/2006,,,,,1,,,,,,,,,,6,1,,,,,,,,1,,1,1,,,,,,,,,,,,4,,6,,,36,,1,,,,,,,,,1,,,8,,,,1,,,,,,,2,,,67,,,,,,,1,1,4,,,,,,,,
20/02/2006,,,,,,,,,,,,,,,2,,,,,,,,,3,,,,,,,,,,,,,,,3,,9,,,45,,,,,,,,,4,,,,,39,,,,,,,,,,,3,,,5,,,,,,,,1,1,,,,,,,,
21/03/2006,,1,,1,,,1,,,,,,,,,,,,,,,,,4,,,,,,,,,,,,,,,2,,2,,,91,,1,1,,,,,,2,,,,,27,,,,,,,,,,,2,,,4,1,,,,,,,1,,,,,,,,,
19/04/2006,,,,,1,,,,,,,,,,,,,1,,,,,,8,,14,,,,,,,,,,,,,1,,,,3,22,,,,,,,,,6,,,,,10,,,,,,,,,,1,8,,,6,,,,,,,,,6,,,,,,,,
18/05/2006,2,,,,10,,,,,,,,,,1,,,1,,,,,,6,,,,,,,,,,,,,,,,,,,3,10,,,,,,,,,7,3,,,,3,,,,,,,,,,2,49,,,1,,,,,,,,,,,,,,,,,
16/06/2006,,,,,10,,,,,,,,,,,,94,,,,,,,2,,,1,9,,,,,,,,,,,,,2,,,10,,,,,,,,,11,9,,,,2,,,,1,,,,,,,11,,,2,,,,,,,,7,62,,,,,,,,
17/07/2006,,,1,,3,,,,,,,,,,,,59,1,,,,,,,,,1,,,1,,,,,,,,,,,,,,14,,,,,,,,,9,1,,,,,,,,,,,,,,,1,,,38,,,,,,,,2,12,,,,,,,,
15/08/2006,,5,,,2,,,,,,,,,,,,64,,,,,,,2,,,1,,,,,,,,,,,,,,1,,,50,,,,,2,,,,4,,,,,19,,,,1,,,,,,,7,,,125,,,,,,,,2,8,,,,,,,,
13/09/2006,1,4,,,1,,,,,,,,,,1,,14,,,,,,,3,,,1,1,,,,,,,,,,3,,,,,,75,,,,,4,,,,1,1,1,,,20,,,,1,,,,,,,15,,,10,,,,,,,,,11,,,,,,,,
12/10/2006,1,5,,1,1,,,,,,,6,,,16,,30,1,,,,,,4,,7,3,1,,,,,,,,,,27,,,1,,,163,,,,,,,,,4,1,2,,,100,,,,,,,,,,,86,,,43,,,,,,,,,31,,,,,,,,
10/11/2006,,,,,2,,,,,,,2,,,24,,4,6,,,,,,6,,6,,12,,,,,2,,,,,12,4,,,,,150,,,,,,,,,2,,,,,60,,,,,,,,,,,14,,,20,,,,,,,,,10,,,,,,,,
11/12/2006,,2,,,,,,,,,,2,,,,,,2,,,,,,,,,,2,,,,,,,,,,,10,,2,,,54,,,,,,,,,,,2,,,12,,,,,,,,,,,4,,,250,,,,,,,,,22,,,,,,,,
09/01/2007,2,,,,,,,,,,,2,,,4,2,,,,,,,,,,2,,,,,,,,,,,,2,32,,2,,,54,,,,,,,,,,,,,,16,,,,2,,,,,,,,,,120,,,,,,,,,22,,,,,,,,
08/02/2007,,,,,,,,,,,,,,,3,2,8,2,,,,,1,5,,3,1,5,,,,,,,,,,2,45,,16,,2,107,,,,,,,,,2,,,,1,31,,,,,,,,,,,,,,49,,,,,,,1,,9,,,,,,,,
09/03/2007,,1,,,,,,,,,,,,,3,,,,,,,,,1,,17,,,,,,,,1,,,,,13,,8,,4,25,,,,,,,,,4,,,,1,6,,,,1,,,,,,,,,,7,,,,,,,,1,3,,,,,,,,
10/04/2007,1,,,,3,,,,,,,,,,,,,,,,,,,2,,13,,,,,,,,,,,,,1,,,,2,7,,,,,,,,,2,,,,,9,,,,,,,,,,,2,,,7,,,,,,,,,,,,,,,,,
09/05/2007,1,,,,1,,,,,,,,,,,,,,,,,,,1,,,,,,,,,,,,,,,,,1,,1,7,,,,,1,,,,7,,,,5,3,,,,,,,,,,1,60,,,,,,,,,,,,1,,,,,,,,
06/06/2007,,,,2,4,,,,,,,,,,,,1,,,,,,,2,,,12,1,,,,,,,,,,,,,,,,4,,,,,,,,,17,2,,,3,,,,,,,,,,,,27,,,3,,,,,,,,,,,,,,,,,
05/07/2007,1,,,,1,,,,,,,,,,2,,11,,,,,,,,,,97,7,,,,,1,2,,,,,,,1,,,48,,,,,,,,,20,,,,2,3,,,,,,,,,,,174,,,14,,,,,,,,13,18,,,,,,,,
03/08/2007,1,,,,,,,,,,,,,,5,,6,,,,,,,2,,,120,5,,,,,,1,,,,,,,,,,516,,,,,,,,,13,2,,,1,80,,,,,,,,,,,68,,,70,,,,,,,,45,79,,,,,,,,
18/09/2007,,,,,,,,,,,,,,,9,,,,,,,,,6,,4,,6,,,,,,,,,,3,,,1,,,121,,,,,,,,,3,1,,,,164,,,,,,,,,,,62,,,252,,,,1,,,,7,20,,,,,,,,
17/10/2007,1,,,,,,,,,,,,,,21,,,3,,,,,,7,,4,2,3,,,,,,,,,,,,,1,,,59,,,,,,,,,2,,,,,145,,,,,,,,,,,82,,,51,,,,,,,,4,20,,,,,,,,
15/11/2007,1,,,,,,,,,,,,,,15,,13,1,,,,,,10,,,29,7,,,,,,,,,,,3,,6,,,288,,,,,,,,,,,,,2,148,,,,,,,,,,,8,,,92,,,,,,,,12,37,,,,,,,,
13/12/2007,1,,,,,,,,,,,1,,,38,1,35,1,,,,,,13,,4,26,30,,1,,,,,,,,2,8,,22,,,844,,,,,,,,,1,,,,4,120,,,,1,,,,,,,4,,,291,,2,,,,,,13,34,,,,,,,,
14/01/2008,,,,,,1,1,,,,,,,,8,1,16,,,,,,,1,,17,10,,,,,,,,,,,,27,,9,,1,147,,,,,,,,,3,,,,,91,,,,,,,,,,,5,1,,421,,,,,,,2,2,10,,,,,,,,
12/02/2008,,,,1,,,,,,,,,,,10,6,12,,,,,,,8,,89,10,10,,,,,,,,,,,15,,6,,,267,,1,,,,,,1,3,,1,,3,185,,,,,,,,,1,,3,,,38,1,,,,,,1,3,4,,,,,,,,
13/03/2008,,,,,,,,,,,,,,1,1,1,,,,,,,,1,,157,1,1,,,,,,,,,,,3,,2,,,150,,,,,,,,,10,,1,,2,48,,,,,,,,,,,4,,,4,2,,,,,,1,,3,,,,,,,,
11/04/2008,,,,,2,,,,,,,,,,1,,,,,,,,,,,186,1,,1,,,,,,,,,,1,,1,,2,35,,,,,,,,,4,,,,,9,,,,,,,,,,,10,,,,,,,,,,,,,,,,,,,,
09/05/2008,,,,,2,,,,,,1,,,,1,,,1,,,,,,3,,24,1,,,,,,,,,,,,,,1,,1,88,,,,,,,,,13,1,1,,,7,,,,1,,,,,,,32,,,,,1,,,,,1,5,1,,,,,,,,
09/06/2008,,,,,6,,,,,,,,,,,,,,,,,,,2,,2,2,,,,,,,,,,,,,,,,,19,,,,,,,,,22,3,,,4,,,,,,,,,,,,56,,,20,,,,,,,,1,2,,,,,,,,
09/07/2008,,,1,,,,,,,,,,,,1,,15,1,,,,,,5,,,4,,,1,,,,,,,,,,,,,,49,,,,,,,,,41,3,,,,4,,,,,,,,,,,69,,,12,,,,,,,,1,3,,,,,,,,
06/08/2008,,,1,,,,,,,,,,,,11,,147,1,,,,,,20,,,1,4,,,,,,,,,,,1,,2,,,351,,,,,,,,,21,2,,,1,58,,,,,,,,,,,183,,,24,,,,,,,,28,93,,,,,,,,
05/09/2008,1,,,,,,,,,,,1,,,17,,18,3,,,,,,2,,,1,5,,,,,,,,,,32,2,,1,,,265,,,,,,,,,9,,,,,202,,,,,,,,,,1,104,,,16,,,,,,,,22,92,,,,,,,,
06/10/2008,2,,,,,,,,,,,,,,50,,10,,,,,,,11,,2,,6,,,,,,,,,,14,2,,1,,,318,,,,,,,,,2,1,1,,,97,,,,1,,,,,,,50,,,10,,,,,,,,14,34,,,,,,,,
18/11/2008,,,,,,,,,,,,,,,75,,3,1,,,,,,9,,3,,2,,2,,,,,,,,1,12,,8,,,200,,,,,,,,,1,,,,,36,,,,,,,,,,1,14,1,,228,,,,,,,,4,7,,,,,,,,
18/12/2008,,,,1,1,,,,,,,,,,21,,32,,,,,,,5,,,,5,,1,,,,,,,,,10,,7,,,572,,,,,,,,,1,,,,1,17,,,,,,,,,,,1,,,1727,,,,,,,1,3,5,,,,,,,,
19/01/2009,,,,,,,,,,,,,,,12,4,32,,,,,,,,,8,,,,,,,,,,,,,6,,,,,131,,,,,,,,,,,1,,1,2,,,,1,,,,,,,5,,,154,,,,,,,,1,2,,,,,,,,
19/02/2009,,,,,,,,,,,,,,,,4,43,,,,,,,,,1,,1,,,,,,,,,,,1,,1,,,188,,,,,,,,,3,,,,1,4,,,,,,,,,,,3,,,13,,,,,,,1,1,,,,,,,,,
18/03/2009,,,,,,,,,,,,,,,1,,5,1,,,,,,,,26,,,,,,,,,,,,,1,,,,,269,,,,,,,,,2,,,,10,,,,,,,,,,,,2,,,,,,,,,,,1,3,,,,,,,,
15/04/2009,,,,,1,,,,,,,,,,3,,1,,,,,,,1,,17,,,,,,,,,,,,,,,2,,,48,,,,,,,,,7,,,,,2,,,,,,,,,,,10,,,3,,,,,,,,1,1,,,,,,,,
15/05/2009,,,,,,,,,,,,,,,9,,,2,,,,,,2,,3,,2,,,,,,,,,,,,,,,,29,,,,,,,,,25,,,,,1,,,,,,,,,,2,56,,,2,1,,,,,,,,,,,,,,,,
15/06/2009,,,,,,,,,,,,,,,17,,8,,,,,,,,,,1,262,,,,,,,,,,,,,,,,708,,,,,,,,,44,1,,,,2,,,,,,,,,,,37,,,,,,,,,,,,5,,,,,,,,
14/07/2009,,,,,,,,,,,,,,,11,,6,,,,,,,2,,,,111,,,,,,,,,,,,,1,,,230,,,,,,,,,46,,,,,1,,1,,1,,,,,,,180,,,,,,,,,,1,,,,,,,,,,
13/08/2009,,,,,,,,,,,,,,,9,,,2,,,,,,,,,,21,,,,,,,,,,2,,,,,,43,,,,,,,,,4,,,,,1,,,,,,,,,,2,38,,,7,,,,,,,,,,,,,,,,,
11/09/2009,,1,,,,,,,,,,,,,24,,5,,,,,,,2,,,,25,,,,,,,,,,3,,,4,,,172,,,,,1,,,,6,1,,,,15,,,,,,,,,,,47,,,4,,,,,,,,,,,,,,,,,
09/10/2009,,,,,,,,,,,,1,,,31,,3,,,,,,,4,,,,41,,,,,,,,,,2,,,14,,,195,,,,,,,,,8,,,,,31,,,,,,,,,,,13,,,3,,,,,,,,,,,,,,,,,
09/11/2009,3,1,,,,,,,,,,,,,53,,7,,,,,,,8,,1,,75,,,,,,,,,,1,8,,8,,,393,,,,,,,,,1,,,,,52,,,,,,,,,,,17,,,1028,,1,,,,,,2,2,,,,,,,,
09/12/2009,,,,,,,,,,,,,,,22,,5,,,,,,,1,,1,,33,,,,,,,,,,1,4,,4,,,452,,,,,,,,,,,,,,11,,,,,,,,,,,6,,,416,,1,,,,,,,1,,,,,,,,
21/01/2010,,,,,,,,,,,,,,,5,,107,,,,,,,1,,1,,90,,1,,,,,,,,,,,34,,,214,,,,,,,,,5,,,,2,8,,,,,,,,,,,,,,1639,,,,,,,,,,,,,,,,,
22/02/2010,1,,,,,,,,,,,,,,1,,,,,,,,,,,,,6,,,,,,,,,,,1,,24,,,39,,,,,,,,,4,,,,,1,,,,,,,,,,,,,,10,,,,,,,,,,,,,,,,,
22/03/2010,,,,,1,,,,,,,,,,,1,5,,,,,,,3,,8,,3,,,,,,,,,1,,1,,1,,,59,,4,,,,,,,7,,,,,,,,,,,,,,,,4,,,5,,1,,,,,,,,,,,,,,,
19/04/2010,,,,,,,,,,,,,,,,,,1,,,,,,1,,5,,,,,,,,,,,,,,,1,,,34,,1,,,,,,,6,1,,,,2,,,,,,,,,,,,,,2,,,,,,,,,,,,,,,,,
19/05/2010,,,,,4,,,,,1,,,,,,,,1,,,,,,,,,,,,,,,,,,,,,,,,,,24,,,,,,,,,59,2,,,,3,,,,,,,,,,2,35,,,28,,,,,2,,,1,,,,,,,,,
18/06/2010,,,,,1,,,,,,,,,,1,,,,,,,,,1,,,,6,,,,,,,,,,,,,,,,37,,,,,,,,,25,3,,,,,,,,1,,,,,,4,10,,,271,,,,,1,,,3,,,,,,,,,
16/07/2010,,,,1,,,,,,,,,,,14,,212,,,,,,,5,,,,2,,1,,,,,,,,,,,1,,,104,,,,,,,,,17,1,,,1,3,,1,,,,,,,,,671,,,,,1,,,,,,1,,,,,,,,,
16/08/2010,,15,,,,,,,,,,1,,,19,,686,,,,,,,,,,,3,,,,,,,,,,1,1,,9,,,59,,,,,3,,,,8,1,,,,7,,,,,,,,,,,106,,,,,,,,,,,1,,,,,,,,,
15/09/2010,2,13,,1,,,,,,,,1,,,16,,39,,,,,,,,,1,,,,,,2,,,,,,5,2,,6,,,27,,,,,,,,,1,,2,,,11,,,,,,,,,,,61,,,1,,,,,,,,,,,,,,,,,
13/10/2010,2,2,,,,,,,,,,,,,14,,32,,,,,,,2,,4,,,,,,,,,,,,6,2,,2,,,120,,,,,,,,,2,,,,,64,,,,,,,,,,,40,,,4,,,,,,,,,,,,,,,,,
12/11/2010,5,,,,,,,,,,,1,,,31,,10,1,,,,,,2,,2,,1,,,,1,,,,,,1,43,,6,,,40,,,,,,,,,,,,,,32,,,,,,,,,,,13,,,41,,,,,,,,,,,,,,,,,
13/12/2010,1,7,,,,,,,,,,,,,7,,33,1,,,,,,3,,,,9,,,,,,,,,,2,14,,21,,,113,,,,,,,,,,,,,,21,,,,,,,,,,,,,,190,,,,,,,,,,,,,,,,,
11/01/2011,,,,,,,,,,,,,,,2,,6,,,,,,,,,,,2,,,,,,,,,,,16,,12,,,24,,,,,,,,,2,,2,,,4,,,,,,,,,,,,,,162,,,,,,,,,,,,,,,,,
10/02/2011,3,,,2,,,,,,,,,,,1,2,20,1,,,,,1,1,,,,3,1,,,,,,,,,,3,,4,,,35,,,,,,,,,5,,,,1,13,,,,,,,,,,1,4,,,393,,,,,,,,1,,,,,,,,,
11/03/2011,,3,,1,,,3,,,,,,,,1,,4,1,,,,,,,,2,,2,,,,,,,,,,,2,,1,,1,25,,,,,,,,,4,,,,,23,,,,,,,,,,,1,,,7,,,,,,,,,,,,,,,,,
11/04/2011,1,1,,,1,,,,,,,,,,,,,,,,,,,,,,1,,3,,,,,,,,,,,,1,2,,,,,,,,,,,2,,,,,4,,1,,,,,,,,,12,,,9,,,,,,,,,,,,,,,,,
09/05/2011,,1,,,4,,,,,,,,,,1,,,1,,,,,,,,2,,,,,,,,,,,,,,,1,,,5,,,,,,,,,13,,,,15,10,,,,,,,,,,3,57,,,1,,,,,2,,,,,,,,,,,,
07/06/2011,,1,,,1,,,,,,,,,,,,1,1,,,,,,,,,,,,,,,,,,,,,,,1,,,7,,,,,,,,,24,7,,,,9,,1,,,,,,,,2,32,,,1,,,,,3,,,,1,,,,,,,,
05/07/2011,,,,,4,,,,,,,,,,10,,,,,,,,,2,,,,,,,,,,,,,,,,,1,,,85,,,,,,,,,29,1,,,5,13,,,,1,,,,,,,126,,,53,,,,,,,,9,,,,,,,,,
05/08/2011,,1,,,1,,,,,,,1,,,25,,,,,,,,,1,,,1,1,,1,,,,,,,,,,,16,,,48,,,,,,,,,6,,,,,11,,,,,,,,,,,33,,,15,,1,,,,,,,,,,,,,,,
05/09/2011,,,,,,,,,,,,,,,52,2,,1,,,,,,1,,,,,,,,,,,,,,5,3,,76,,,47,,,,,1,,,,,,,,,44,,,,,,,,,,,25,,,29,,,,1,,,,,,,,,,,,,
05/10/2011,,1,,1,,,,,,,,,,,30,,3,,,,,,,,,,,1,,,,,,,,,,15,1,,26,,,24,,,,,,,,,,1,,,,4,,,,,,,,,,,13,,,17,,,,,,,,,,,,,,,,,
01/11/2011,10,,,2,,,,,,,,4,,,166,,2,2,,,,,,,,,,4,,,,,,,,,,32,18,,2,,,100,,,,,,,,,,,2,,,90,,,,,,,,,,,35,,,92,,,,,,,,4,,,,,,,,,
15/12/2011,2,,,,,,,,,,,,,,44,,7,1,,,,,,1,,,,,,,,,,,,,,6,100,,19,,,31,,,,,,,,,,,1,,1,19,,,,,,,,,,,2,,,340,,,,,,,,1,,,,,,,,,
17/01/2012,,,,,,,,,,,,,,,11,,27,,,,,,,,,1,,1,,,,,,,,,,1,18,,3,,,104,1,,,,,,,,2,,,,,34,,,,,,,,,,,,,,1043,,,,,,,,,,,,,,,,,
14/02/2012,,,,,,,,,,,,,,,2,,20,,,,,,,1,,,,,,,,,,,,,,,19,,29,,,27,,,,,,,,,1,,,,2,8,,,,,,,,,,,,,,7,,,,,,,1,1,,,,,,,,,
14/03/2012,,,,1,,,,,,,,1,,,,,3,1,,,,,,1,,,,,,,,,,,,,,,,,5,,,27,,,,,,,,,4,,,,,22,,,,,,,,,,,1,,,16,,1,,,,,,,,,,,,,,,
14/04/2012,,,,,3,,,,,,,,,,1,,,,,,,,,,,,,,,,,,,,,,,,,,,,,13,,,,,,,,,4,,,,,19,,,,,,,,,,2,12,,,8,,,,,,,,,,,,,,,,,
10/05/2012,,,,,2,,,,,,,,,,,,,,,,,,,,,,,,,,,,,,,,,,,,3,,,22,,,,,,,,,30,,,,8,4,,,,,,,,,,,26,,,15,,,,,,,,1,,,,,,,,,
08/06/2012,,,2,,,,,,,,,,,,,,,,,,,,,,,,,,,,,,,,,,,,,,3,,,2,,,,,,,,,8,3,,,,,,,,,,,,,2,,19,,,4,,,1,,,,,,,,,,,,,,
09/07/2012,,,,,3,,,,,,,,,,1,,2,,,,,,,3,,,,,,,,,,,,,,,,,2,,,168,,,,,,,,,12,1,,,,11,,,,,,,,,,,9,,,162,,,,,,,,48,,,,,,,,,
08/08/2012,,,,,,,,,,,,,,,4,,58,,,,,,,1,,,,,,4,,,,,,,,1,,,3,,,95,,,,,,,,,9,,,,,73,,,,,,,,,,,6,,,3,,,,,,,,7,28,,,,,,,,
07/09/2012,,,,1,,,,,,,,,,,13,,45,,,,,,,2,,,,2,,3,,,,,,,,24,2,,2,,,50,,,,,,,,,2,,,,,82,,,,,,,,,,,32,,,51,,,,,,,,6,21,,,,,,,,
05/10/2012,3,,,,,,,,,,,,,,24,,43,,,,,,,4,,,1,,,,,,,,,,,10,15,,1,,,106,,,,,,,,,3,,,,,95,,,,,,,,,,,239,,,6,,1,,,,,2,4,7,,,,,,,,
05/11/2012,6,,,,,,,,,,,,,,9,,49,1,,,,,,2,,,,1,,,,,,,,,,10,47,,3,,,121,,,,,,,,,,,,,,50,,,,,,,,,,,50,,,79,,2,,,,,,11,24,,,,,,,,
06/12/2012,1,,,1,,,,,,,,,,,2,,79,,,,,,,1,,,2,2,,1,,,,,,,,11,54,,3,,,715,,,,,,,,,2,,,,,115,,,,,,,,,,,21,,,1151,,3,,1,,,7,1,72,,,,,,,,
17/01/2013,,,,,,,,,,,,,,,7,,151,,,,,,,1,,,,1,,,,,,,,,,1,69,,10,,,669,,,,,,,,,7,,,,,28,,,,1,,,,,,,3,,,68,,,,,,,18,5,26,,,,1,,,,
18/02/2013,1,,,1,,,,,,,,,,,,2,26,,,,,,,,,,1,,,,,,,,,,,,30,,3,,,465,,1,,,,,,,4,1,,,,26,,,,,,,,,,,3,,,54,,2,,,,,10,2,15,,,,,,,,
19/03/2013,1,,,1,,,,,,,,,,,,,1,,,,,,,,,,1,,,,,,,,,,,,11,,3,,,136,,,,,,,,,5,,,,,3,,,,,,,,,,,2,,,11,,,,,,,5,,2,,,,,,,,
17/04/2013,1,,,,,,,,,,,,,,,,1,,,,,,,,,,,,,,,,,,,,,,7,,,,,9,,,,,,,,,5,,,,,2,,,,,,,,,,1,23,,,6,,,,,,,,,1,,,,,,,,
16/05/2013,,,,,1,,,,,,,,,,,,1,,,,,,,1,,,,,,,,,,,,,,,1,,,,,14,,,,,,,,,15,,,,,4,,,,,,,,,,1,29,,,1,,,,,,,,,1,,,,,,,,
14/06/2013,,,,,6,,,,,,,,,,2,,40,,,,,,,,,,,17,,,,,,,,,,,,,,,,29,,,,,,,,,53,8,,,,,,,,1,,,,,,1,46,,,17,,,,,19,,,1,,,,,,,,,
15/07/2013,,,,,,,,,,,,,,,,,52,,,,,,,,,,23,22,,,,,,,,,,,,,,,,13,,,,,,,,,25,,,,,1,,,,,,,,,,,2,,,62,,,,,,,,,19,,,,,,,,
14/08/2013,,1,1,,,,,,,,,,,,1,,74,1,,,,,,,,,13,19,,,,,,,,,,,,,3,,,9,,,,,,,,,20,1,,,,8,,2,,,,,,,,,10,,,622,,,,,1,,,2,100,,,,,,,,
13/09/2013,,,,,,,,,,,,,,,5,,24,,,,,,,2,,,,22,,,,,,,,,,2,,,3,,,44,,,,,,,,,1,,,,,15,,,,,,,,,,,16,,,113,,,,1,,,,,34,,,,,,,,
11/10/2013,1,2,,,,,,,,,,,,,4,,45,,,,,,,,,,1,20,,,,1,,,,,,2,,,4,,,93,,,,,,,,,5,,,,,42,,,,1,,,,,,,28,,,34,,,,,,,,,10,,,,,,,,
11/11/2013,1,1,,,,,,,,,,2,,,12,,10,,,,,,,4,,,3,36,,,,,,,,,,8,,,1,,,267,,,,1,,,,,1,3,9,,,30,,,,,,,,,,1,39,1,,43,,,,,,,,,102,,,,,,,,
10/12/2013,,1,,,,,,,,,,,,,10,,28,,,,,,,3,,,4,41,,1,,,,,,,,1,1,,3,,,666,,,,,,,,,,1,3,,,7,,,,,,,,,,,4,,,648,,,,,,,1,,20,,,,,,,,
08/01/2014,3,,,,,,,,,,,,,,8,,35,,,,,,,1,,,3,13,,1,,,,,,,,,2,,5,,,738,,,,,,,,,7,,1,,,6,,,,,,,,,,,13,,,439,,1,,,,,6,,15,,,,,,,,
07/02/2014,1,,,,,,,,,,,,,,1,2,3,,,,,,1,1,,,1,10,,2,,,,,,,,,3,,4,,,291,1,,,,,,,,10,1,,,,21,,,,,,,,,,,4,,,29,,1,1,,,,,,11,,,,,,,,
10/03/2014,,2,,,1,,,,,,,,,,1,3,,2,,,,,,,,1,4,5,,,,,,,,,,,,,,1,1,310,,,,,,,,,14,,,,,19,,,,,,,,,,,9,,,4,,2,,,,,3,,62,,,,,,,,
22/04/2014,,,,,2,,,,,,,,,,,,,,,,,,,,,1,2,1,,,,,,,,,,,,,2,,,279,,,,,,,,,14,,,,1,18,,,,,,,,,,2,7,,,,,,,,,,,1,19,,,,,,,,
21/05/2014,,,,,2,,,,,,,,,,,,,,,,,,,,,,1,1,,,,,,,,,,,,,1,,,19,,,,,,,,,36,,,,,1,,,,,,,,,,1,34,,,,,,,,,,,,2,,,,,,,,
19/06/2014,,,,,,,,,,,,,,,,,,1,,,,,,,,,,,,1,,,,,,,,,,,3,,,3,,,,,,,,,19,,,,1,,,,,,,,,,,1,8,,,4,,,,,,,,,,,,,,,,,
21/07/2014,,,,,2,,,,,,,,,,2,,,,,,,,,,,,,,,,,,,,,,,,,,1,,,2,,,,,,,,,2,,,,,,,,,,,,,,,,2,,,10,,,,,,,,1,,,,,,,,,
15/08/2014,,,1,2,,,,,,,,1,,,43,,7,1,,,,,,68,,,1,4,,,,,,,,,,,,,1,,,100,,,,,11,,,,4,1,12,,,760,,,,,,,,,,,64,,,64,,,,,,,,,52,,,,,,,,
15/09/2014,,,,,,,,,,,,3,,,26,,2,,,,,,,140,,,4,,,1,,,,,1,,,,,,,,,62,,,,,,,,,3,2,,,,145,,,,,,,,,,1,23,,,74,,,,,,,,1,18,,,,,,,,
14/10/2014,1,2,,2,,,,,,,,,,,28,,6,,,,,,,79,,,1,5,,,,,,,,,,5,,,1,,,99,,,,,,,,,3,,2,,,100,,,,1,,,,,,,23,,,148,,,,,,,,3,22,,,,,,,,
14/11/2014,2,,,,,,,,,,,,2,,19,,8,,,,,,,26,,,1,,,,,,,,,,,2,,,2,,,59,,,,,,,,,,,2,,,82,,,,2,,,,,,1,22,,,1815,,,,,,,,3,25,,,,,,,,
15/12/2014,1,,,,,,,,,,,,,,14,1,,,,,,,,11,,,,,,,,,,,,,,,,,3,,1,90,,,,,,,,,,,,,,41,,,,2,,,,,,,1,,,1175,,,,,,,,,14,,,,,,,,
13/01/2015,,1,,,,,,,,,,,,,8,,4,1,,,,,,2,,1,,1,,,,,,,,,,,1,,1,,,73,,,,,,,,,,,,,,28,,,,1,,1,,,,,7,,,1770,,2,,,,,,,5,,,,,,,,
11/02/2015,,,,,,,,,,,,,,,2,1,22,,,,,,1,18,,,,1,,,,,,,,,,,,,4,,,55,,,,,,,,,4,,,,,58,,,,,,,,,,,2,,,644,,,,,,,,,,,,,,,,,
13/03/2015,,1,,2,,,,,,,,,,,,,7,1,,,,,,10,,,,1,,,,,,,,,,,2,,3,,,9,,,,,,,,,5,,,,,8,,,,,,,,,,,5,,,15,,,,,,,,,,,,,,,,,
10/04/2015,,1,,,,,,,,,,,,,,,2,3,,,,,,16,,,,,,,,,,,,,,,,,1,,,23,,,,,,,,,22,,,,,28,,,,,,,,,,1,9,,,12,,,,,,,,,,,,,,,,,
11/05/2015,,,,,5,,,,,,,,,,,,1,3,,,,,,16,,,,,,,,,,,,,,,,,,,,2,,,,,,,,,15,,,,4,8,,,,,,,,,,5,63,,,4,,,,,,,,,1,,,,,,,,
23/06/2015,,,,,12,,,,,,,,,,,,223,1,,,,,,22,,,2,2,,,,,,,,,,,,,1,,,3,,,,,,,,,15,,,,2,,,,,3,,,,,,,14,,,10,,,,,,,1,,,,,,,,,,
22/07/2015,,,,,1,,,,,,,,,,4,,1,2,,,,,,24,,,,6,,,,,,,,,,,,,,,,5,,,,,,,,,5,,,,,1,,,,,,,,,,1,21,,,244,,,,,,,3,,,,,,,,,,
20/08/2015,1,,,,,,,,,,,,,,2,,90,,,,,,,24,,,2,14,,,,,,,,,,,,,2,,,44,,,,,,,,,9,1,,,,19,,,,1,,,,,,,74,,,196,,,,,,,,1,15,,,,,,,,
18/09/2015,1,,,,,,,,,,,,,,10,,28,,,,,,,8,,,12,8,2,,,,,,,,,,,,2,,,44,,,,,,,,,2,2,1,,,67,,,,,,,,,,,58,,,47,,,1,1,,,,7,3,,,,,,,,
21/10/2015,,,,,,,,,,,,,,,1,,4,1,,,,,,5,,,,,,,,1,,,,,,1,8,,1,,,8,,,,,,,,,,,,,,7,,,,,,,,,,,21,,,21,,,,,,,,,,,,,,,,,
19/11/2015,10,,,,,,,,,,,,3,,13,,51,2,,,,,,2,,,,1,,,,,,,,,,1,15,,2,,,85,,,,,,,,,,,,,,43,,,,,,,,,,,12,,,431,,,,,,,,1,9,,,,,,,,
18/12/2015,4,,,,,,,,,,,,5,,7,,6,2,,,,,,2,,,4,4,,,,,,,,,,,12,,3,,,361,,,,,,,,,2,,,,,32,,,,,,,,,,,3,,,1115,,1,,,1,,1,2,6,,,,,,,,
18/01/2016,1,,,,,,,,,,,,,,5,2,121,1,,,,,,6,,1,2,1,,,,,,,,,,,27,,3,,,198,,,,,,,,,3,,,,,25,,,,1,,,,,,,,,,418,,,,,,,,2,2,,,,,,,,
15/02/2016,6,,,,,,2,,,,,,,,1,5,43,1,,,,,,4,,,1,,,,,,,,,,,,25,,11,,,241,,,,,,,,,1,,,,,18,,,,,,,,,,,4,,,46,,1,,,,,3,,,,,,,,,,
16/03/2016,1,,,,,,,,,,,,,,2,,1,1,,,,,,2,,1,,,,,,,,,,,,,3,,,,,60,,,,,,,,,5,,,,,27,,,,,,,,,,,3,,,29,,,,,,,,,1,,,,,,,,
14/04/2016,2,,,,,,,,,,,,,,,,,1,,,,,,1,,,,,,,,,,,,,,,,,,,,57,,,,,,,,,2,,,,1,3,,,,,,,,,,,7,,,11,,,,,,,,,,,,,,,,,
12/05/2016,3,,,,1,,1,,,,,,,,,,,,,,,,,8,1,,1,,1,,,,,,,,,,,,,,,24,,,,,1,,,,18,,,,,3,,,,,,,,,,,22,,,3,,,,,,,,,,,,,,,,,
10/06/2016,,,,,,,1,,,,,,,,,,,,,,,,,7,,,1,,,,,,,,,,,,,,1,,,6,,,,,,,,,8,,,,,2,,,,1,,,,,,1,40,,,1,,2,,,,,,,,,,,,,,,
11/07/2016,,,,1,,,,,,,,,,,1,,,,,,,,,,,,,,,,,,,,,,,,,,,,,,,,,,,,,,1,,,,,1,,,,,,,,,,,9,,,4,,,,,,,,,,,,,,,,,
09/08/2016,,,,,,,,,,,,,,,24,,,,,,,,,,,,,1,,,,,,,,,,2,,,1,,,24,,,,,,,,,1,1,,,,2,,,,,,,,,,,34,,,96,,,,,,,,4,36,,,,,,,,
08/09/2016,2,,,,,,,,,,,,,,57,,,1,,,,,,2,,,24,5,,,,2,,,,,,12,,,,,,41,,,,,,,,,4,1,,,,20,,,,1,,,,,,1,28,,,43,,,,,,,,,13,,,,,,,,
06/10/2016,,,,,,,,,,,,,,,186,,,,,,,,,12,,,74,13,,,,,,,,,,26,,,1,,,576,,,,,,,,,4,,,,,64,,,,,,,,,,2,428,,,312,,,,,,,,,22,,,,,,,,
07/11/2016,3,,,,,,1,,,,,,,,42,,3,3,,,,,,15,,,1,1,,1,,,,,,,,2,3,,5,,,162,,,,,,1,,,1,,,,,36,,,,,,,,,,2,9,,,333,,,,,,,,1,5,,,,,,,,
07/12/2016,,1,,,,,,,,,,,,,28,,34,2,,,,,,6,,,,11,,,,,,,,,,5,20,,2,,,918,,,,,,,,,1,,,,,88,,,,,,,,,,7,4,,,1360,,,,,,,,1,44,,,,13,1,,,
19/01/2017,,,,,,,,,,,,,,,15,9,2,,,,,,,4,,,,1,,,,,,,,,,2,14,,1,,,183,,,,,,,,,1,,,,,29,,,,,,,,,,,,,,120,,,,,,,,,2,,,,2,,,,
17/02/2017,,,1,,,,,,,,,,,,3,2,,,,,,,,2,,,,5,,1,,,,,,,,,10,,,,,264,,,,,,,,,4,,,,,52,,,,,,,,,,,1,,,13,,,,,,,,,,,,,1,,,,
20/03/2017,,,,1,1,,1,,,,,,,,6,,,1,,,,,,,,1,2,,,,,,,,,,,,,,,,,16,,,,,,,,,2,,,,,18,,,,,,,,,,,15,,,5,,,,,,,,1,,,,,1,,,,
19/04/2017,1,,,,11,,,,,,,,,,5,,,,,,,,,2,,,1,,,,,,,,,,,,,,,1,,38,,,,,,,,,5,,,,,27,,,,,,,,,,1,56,,,1,,,,,,,1,,,,,,,,,,
17/05/2017,,,,,4,,,,,,,,,,4,,,,,,,,,1,,,,,,,,,,,,,,,,,,,,7,,,,,,,,,5,,,,,,,,,,,,,,,6,104,,,1,,,,,1,,,,,,,,,,,,
18/06/2017,,,,,1,,,,,,,,,,4,,,2,,,,,,2,,,3,1,,,,,,,,,,,,,2,,,1,,,,,,,,,7,1,,,,3,,,,,,,,,,,174,,,,,,,,,,,,,,,,,,1,,
14/07/2017,,,1,,3,,,,,,,,,,1,,,1,,,,,,3,,,1,,,,,,,,,,,,,,26,,,6,,,,,,,,,7,,,,1,5,,,,,,,,,,,36,,,44,,,,,,,,,,,,,,,,,
14/08/2017,,3,,,2,,,,,,,,,,24,,2,2,,,,,,15,,,17,9,,,,,,,,,,,1,,39,,,257,,,,,,,,,11,,,,,76,,1,,,,,,,,1,73,,,35,,,,,1,,,,,,,2,,,,1,
14/09/2017,2,,,,,,,,,,,,,,68,,1,1,,,,,,8,,,7,1,,,,1,,,,,,2,1,,13,,,39,,,,,,,,,,,,,,57,,1,,,,,,,,1,78,,,63,,,,,3,,,1,,,,,,,,,
12/10/2017,2,,,,,,,,,,,,2,,25,,,,,,,,,14,,,18,1,,,,,,,,,,3,1,,18,,,91,,,,,,,,,,,,,,89,,,,,,,,,,1,79,,,73,,,,,,,,1,,,,,,,,,
10/11/2017,4,5,,,,,1,,,,,,3,,34,,2,1,,,,,1,23,,,8,1,,,,,,,,,,,10,,21,,,134,,,,,,,,,,,,,,34,,,,,,,,,,1,11,,,186,,,,,1,,,1,1,,,,,,,,
11/12/2017,,,,,,,,,,,,,,,23,,4,2,,,,,,13,,,,1,,,,,,,,,,,17,,61,,,143,,,,,,,,,,,,,3,13,,,,,,,,,,,4,,,84,,,,,,,,,,,,,,,,,1
08/01/2018,,,,,,,,,,,,,,,8,1,6,1,,,,,,18,,,,1,,,,,,,,,,,50,,36,,,154,,,,,,,,,2,,,,,79,,,,,,,,,,1,2,,,137,,,,,,,,,,,,,,,,,
09/02/2018,1,,,1,,,,,,,,,,,11,1,,,,,,,,,,,,,,,,,,,,,,,36,,5,,1,14,,,,,,,,,,,,,,9,,,,,,,,,,,5,,,53,,,,,,,,,,,,,,,,,
09/03/2018,,,,,,,,,,,,,,,,,,,,,,,,7,,,,,,,,,,,,,,,9,,11,,,40,1,,,,,,,,1,,,,8,27,,,,,,,,,,,,,,19,,,,,,,,,,,,,,,,,
06/04/2018,,,,,,,,,,,,,,,1,,,1,,,,,,,,,,,,,,,,,,,,,2,,,,,3,,,,,,,,,3,,,,,4,,,,,,,,,,,4,,,4,,,,,,,,,,,,,,,,,
21/05/2018,,,,,10,,,,,,,,,,8,,,6,,,,,,7,,,,,,,,1,,,,,,,,,,,,,,,,,,,,,26,,,,5,1,,,,,,,,,,1,117,,,1,,,,,1,,,,,,,,,,,,
18/06/2018,,,2,,10,,,,,,1,,,,,,,6,,,,,,25,,,55,6,,,,,,,,,,,,,11,,,,,,,,,,,,11,11,,,13,3,,,,,,,,,,,101,,,8,,,,,,,,,,,,,,,,,
18/07/2018,,,1,,12,,,,,,,,,,,,151,2,,,,,,45,,,5,1,,,,,,,,,,,,,,,,41,,,,,,,,,7,3,,,4,17,,,,2,,,,,,,160,,,,,,,,,,,13,224,,,,,,,,
15/08/2018,,8,1,,3,,,,,,,,,,4,,1052,1,,,,,,14,,,7,37,,,,,,,,,,13,,,9,,,170,,,,,30,,,,2,4,1,,,289,,,,,,,2,,,,146,,,3,,,,,,,,13,179,,,,,,,,2
17/09/2018,,2,,1,,,,,,,,1,,,,,50,,,,,,,1,,,46,11,,,,,,,,,,64,,,,,,159,,,,,4,,,,,,,,,37,,,,,,,,,,,232,,,13,,,,,,,,5,31,,,2,,,,,
17/10/2018,,1,,,,,,,,,,,,,,,4,4,,,,,,,,,10,2,,,,,,,,,,18,,,,,,98,,,,,,,,,,,,,,5,,,,,,,,,,,97,,,22,,,,,2,,,2,13,,,,,,,,
16/11/2018,,3,,,,,,,,,,,,,5,,6,2,,,,,,2,,,6,6,,1,,,,,,,,9,,,,,,193,,,,,,,,,,,,,,5,,,,,,,,,,2,25,,,318,,1,,,,,,4,14,,,,,,,,
14/12/2018,1,1,,1,,,,,,,,,,,1,,697,,,,,,,1,,,3,7,1,,,,,,,,,2,3,,,,,295,,,,,,,,,,,,,1,20,,,,,,,,,,,12,,,927,,2,,,3,,1,3,5,,,,1,,,,
15/01/2019,1,1,,,,,,,,,,,,,2,2,96,1,,,,,1,,,1,1,,,,,,,,,,,,20,,1,,,131,,1,,,,,,,1,,,,,10,,,,,,,,,,,6,,,65,,,,,,,,1,1,,,,,,,,
13/02/2019,1,2,,1,,,,,,,,,,,2,1,73,1,,,,,,1,,,,1,,,,,,,,,,,7,,,,,122,,1,,,,,,,3,,,,,17,,,,,,,,,,,5,,,79,,,,,,,,,,,,,,,,,
15/03/2019,,1,,,,,1,,,,,,,,,,2,,,,,,,,,,2,,,,,,,,,,,,7,,,,,12,,,,,,,,,,,,,,1,,,,,,,,,,,4,,,,,,,,1,,2,,,,,,,,,,
12/04/2019,,20,,,4,,,,,,,,,,1,,10,,,,,,,1,,1,2,,1,,,,,,,,,1,,,,1,,65,,,,,,,,,9,1,,,,33,,,,,,,,,,1,53,,,,,2,,,3,,,,,,,,,,,,
10/05/2019,1,3,,,9,,,,,,,,,,,,,1,,,,,,,,1,3,,,,,1,,,,,,,,,2,,,21,,,,,,,,,12,,,,3,14,,,,,,,,,1,2,133,,,8,,,1,,5,,,,,,,,,,,,
07/06/2019,,2,,,15,,,,,,,,,,,,24,1,,,,,,3,,,1,,,,,,,,,,,,,,2,,,8,,,,,,,,,6,3,,,4,,,,,,,,,,,1,39,,,1,,1,,,1,,,,,,,,,,,,
08/07/2019,,,1,1,,,,,,,,,,,,,27,1,,,,,,3,,,12,,,,,,,,,,,,,,3,,,12,,,,,,,,,6,,,,,7,,,,,,,,1,,,22,,,7,,,,,,,,,,,,,,,,,
06/08/2019,,,1,,1,,,,,,,,,,5,,11,,,,,,,4,,,1,1,,,,,,,,,,,,,9,,,7,,,,,,,,,2,,,,,56,,,,,,,,,,,47,,,2,,,,,,,,,,,,,,,,,
20/09/2019,,1,,,,,,,,,,,,,11,,30,1,,,,,,13,,,3,2,,,,,,,,,,6,,,2,,,29,,,,,,,,,1,,,,,162,,,,1,,,,,,,29,,,70,,,,,,,,,,,,,,,,,
21/10/2019,1,,,,,,,,,,,,,,24,,9,2,,,,,,7,,,8,,,,,,,,,,,5,,,3,,,137,,,,,,,,,,,1,,6,435,,1,,1,,,,,,,41,,,227,,,,,3,,,,,,,,,,,,
20/11/2019,,,1,,,,,,,,,1,,,15,,21,1,,,,,,23,,,6,1,,,,,,,,,,20,2,,3,,,111,,,,,,,,,1,,,,,111,,,,,,,,,,,5,,,282,,1,,,,,,,,,,,,,,,
19/12/2019,,,,,,1,,,,,,,,,17,1,5,1,,,,,,5,,,5,,,,,,,,,,,1,15,1,,,,194,,,,,,,,,,,,,2,57,,,,,,,,,,,,,,221,,1,,,1,,,,,,,,1,,,,
